Date,AAPL,MSFT,GOOGL,JPM,XOM,SPY
2021-11-30,171.90252429118772,335.7366496850172,136.17957886665434,151.1771676861754,106.60304841806574,441.8543921259651
2021-12-01,171.80849205120117,328.10327181589963,134.75648724399295,151.95183137539314,105.37945345704799,440.4420890289457
2021-12-02,174.4052106592787,326.13195871742283,137.15061257157956,152.64559108233368,107.26365529359063,442.6205986844498
2021-12-03,180.84540387849432,332.35119577678023,141.1351410785038,155.49806238387805,108.89923047924405,450.4503134991723
2021-12-06,179.3130418896836,332.9713024045404,139.66292013139653,154.82109867192497,108.68925118105435,448.9215623159788
2021-12-07,178.55973689661653,335.0524367874967,137.7122392469339,152.64995381969257,108.18672770734162,448.4091029347033
2021-12-08,183.96235361739267,342.2306644566592,142.9523178442882,156.60212899279136,111.69466056535354,454.68634128075024
2021-12-09,187.1017049749871,346.13149576649215,145.5228858187338,160.43098832063185,110.85551196212711,457.56151137031026
2021-12-10,184.56177677404452,342.97066672287343,143.75023218690828,158.58273044340078,111.18215241170935,455.4024226441677
2021-12-13,186.31714423463558,350.99802489655264,145.00905767149263,160.75659089243288,113.39614616986034,459.8223451866784
2021-12-14,185.3705780889378,345.3027799670627,142.75226590118154,158.95235378815033,113.8935901150211,458.0205903850633
2021-12-15,184.31407427925674,344.77937899804846,141.49810414247744,158.2704409388969,116.74062709612778,455.22013654287696
2021-12-16,185.81221993464197,342.4751300146294,142.0182856027018,160.49847220302482,116.27160152487754,455.06765396673995
2021-12-17,177.37546744837923,336.65693219359264,135.935114286231,156.35667881503954,115.38330578450349,445.04358090448653
2021-12-20,170.55252993756608,326.4277272910488,130.0330657830976,153.21860958190646,113.19423955657238,436.7434025039382
2021-12-21,169.29861375707623,326.83133040254125,128.44198627148387,150.2803869153492,114.31882561849973,431.8851278705078
2021-12-22,165.67961849640682,323.38310915201066,126.11870894284066,147.81895768619472,113.12506782109327,426.0555299102003
2021-12-23,168.42681144305465,330.56117285489324,127.41007618514062,146.38685834138354,112.95669387857386,426.9764515209529
2021-12-24,165.37447706469015,326.1792625974017,124.51079832275404,145.3069054087945,113.77356026287217,422.61115860118633
2021-12-27,160.44213495643467,322.21510222698623,120.57172817356091,143.79189457593426,111.43439271471524,416.15457694922685
2021-12-28,165.60019575706298,325.49406497254813,124.7414569782422,146.11470770207632,111.1603789058579,422.5193902474738
2021-12-29,164.91181375345874,323.80225860488787,124.11148833549427,146.06276538264237,110.19285239926106,422.0925140291459
2021-12-30,165.11289876225587,324.55403902947,124.17149740447881,145.87545670774938,111.15282172752596,422.6728315969354
2021-12-31,160.47038770469334,314.2597274675386,119.9937446675387,144.23865784233044,111.47713795460217,415.8620090244777
2022-01-03,159.19286978278123,307.8730967801625,118.59139310061853,143.4827069281949,111.01899026441316,414.10926189146176
2022-01-04,159.14248538775695,310.3044341086077,118.43622658045591,141.66988852449484,113.03161828447308,415.2866906241892
2022-01-05,154.36420113496314,305.7170904392314,114.78309240277996,140.7370401662139,109.79948238749722,408.83403080002535
2022-01-06,154.58357233541926,305.38664248264064,115.16248550903686,141.00574607287066,109.62940993780136,410.64871721704606
2022-01-07,152.89067853872936,301.05488260187167,112.79766232466721,138.7683092329892,108.56485342970188,408.8906909753351
2022-01-10,151.29258420658743,298.0057523521852,111.47408601509528,137.88959025739615,108.09454495904835,408.6876733860886
2022-01-11,148.07005557983152,296.3242079046802,109.9971684264798,135.08440071164202,107.54930669039983,406.4572052910965
2022-01-12,154.57271252377,304.5038309729908,114.53336077685033,136.87991781869826,110.62119560555605,414.79486417376086
2022-01-13,156.1033202477604,298.1733420881568,114.77508280934697,137.03467742357364,110.00111405125486,415.2706190716856
2022-01-14,152.52531266857062,298.79508819979134,111.97724715809238,135.58508552626856,109.00363200690865,411.33141064959125
2022-01-17,155.90098811732173,306.0430147425234,113.26629365892896,137.25050837337014,109.89408986489671,415.342394857992
2022-01-18,151.8295108449338,294.64574185732846,110.36746071920741,135.31868498708948,107.25875574510219,410.1252532498108
2022-01-19,152.5246516070345,298.7960299433673,111.32486990784183,135.0143797713377,107.3532585719427,410.9845266227645
2022-01-20,146.6078665229924,295.1140571839264,105.8515577783356,131.89954910174794,105.00958566050957,401.10207256171054
2022-01-21,142.2303147493727,290.56518848543675,102.77824403068706,129.46682886925655,103.36654493053419,395.23478658106114
2022-01-24,143.04994112879945,287.56059541645993,102.91267166248419,128.293103219155,103.63508604377351,395.62909859230194
2022-01-25,145.6460430760736,293.2630201992937,104.80107119558384,128.73630789338068,104.54984744996054,398.4059164352514
2022-01-26,145.8632931072905,293.2743443986608,104.6940621156838,129.8602003397855,104.18054692136147,400.5922770551661
2022-01-27,146.10644232366664,294.6334110791548,103.64592392284898,131.20749307443694,105.75848058074092,401.0779256248054
2022-01-28,145.07932043922062,300.3995865903829,102.768630464696,131.38891939703825,103.89488144206614,398.35955853903783
2022-01-31,140.02110068921056,295.99090877856173,99.2014346389197,130.5845354325522,101.39414946765694,391.07695418353194
2022-02-01,138.13717032363775,290.84185822377515,97.3837141430779,129.58936869315568,104.25258408867207,387.7923147212109
2022-02-02,136.29159954362933,288.37391422073046,95.86965955870883,130.54462319955198,102.4157090699943,385.3984449841941
2022-02-03,139.5886157513971,289.8522105090451,98.16276711335018,134.19333475009432,101.80619575952186,390.34475237188235
2022-02-04,140.69770043474003,292.4644756519732,99.10419019563123,133.10490193318063,103.13912608222105,390.86954852425094
2022-02-07,135.92082249752116,284.1146582080502,95.05255146554804,130.59639624069942,98.65262742358787,384.2840229887524
2022-02-08,137.20291944738764,283.97807406442206,95.88452696314744,131.21446148661116,98.70615895788441,385.75905671745863
2022-02-09,136.065037481536,279.1180970841702,94.76865204307752,130.25334233339424,101.02976137864114,383.9578470627581
2022-02-10,134.5114497700879,276.60316190335504,93.74656261654395,129.7053327740002,98.39372250619704,381.21371277734943
2022-02-11,137.14434469841714,279.2668734359577,94.6691744896846,130.72120050194084,96.58537344264079,383.57302725056735
2022-02-14,140.67409075042784,275.25288830301207,97.23751377323191,131.66307529200324,95.80811450460138,386.3338148937931
2022-02-15,143.66502322074302,279.208689499698,99.9324028066439,133.1326099363429,97.86070386442863,390.47898891786934
2022-02-16,140.3301702788117,276.39625261162644,98.18783263853682,132.9982729092734,98.41316886380773,386.72584243477326
2022-02-17,138.8303066838996,273.3542909998619,97.4122066739269,132.72092920513163,97.47714188040077,384.7105499664677
2022-02-18,139.73170406001563,280.2874485923037,97.98680515506103,133.8801524206753,98.6767080927473,387.21271178857376
2022-02-21,142.49412562287796,286.4962322225329,100.7461345979347,135.20152439914892,101.46634918641917,392.1396228527307
2022-02-22,140.92741078049437,281.81316812748133,99.0361674358097,134.90968973454542,103.2840244660688,392.35268539471605
2022-02-23,140.4240598334492,283.71461821232856,98.22302613248894,133.4818799510701,102.77877310812266,392.4210528464908
2022-02-24,137.34730622152208,283.6539910293995,95.54355065815292,131.3056056262307,98.70192519324839,387.22108481310823
2022-02-25,133.75317987838577,280.09989321920483,93.382356039365,129.3966069025451,96.48772984918409,381.48480796556663
2022-02-28,136.49336304528217,284.01404470888525,95.37667069797338,129.48713399041134,96.79750866800904,384.6328006234422
2022-03-01,140.74691399937726,289.803694588219,98.11733746220193,130.83421464607252,97.86699539015751,389.9942565092437
2022-03-02,139.47617519101493,283.5973763073145,97.84680382376273,131.05178128815066,97.57565199726575,389.91424137756076
2022-03-03,142.1369399840086,286.6187541203485,99.9693359984852,132.77733574733932,100.01962387194914,393.0368305980595
2022-03-04,143.24732239566362,287.2930891004412,100.5543255326249,134.15834385251125,102.04248489323506,395.3247867608211
2022-03-07,140.58308780210658,289.3748971675169,99.46380273046663,132.597694700304,101.15423162537004,392.7308682789613
2022-03-08,142.09693885004603,291.74911054561517,99.7658013877161,133.2564697441071,102.97044606108277,394.9137840202079
2022-03-09,147.97100176544234,296.4243882514551,104.20455763155253,135.08683349229665,105.12175523637794,400.79286100863436
2022-03-10,148.61341082839553,296.1530343586174,104.5080506498315,135.75288419808422,105.18341079847268,400.9956288061953
2022-03-11,153.78672885704808,305.0664093072571,108.98790304769882,139.51857184813085,108.15876202170489,409.3328657629422
2022-03-14,145.999184453374,295.17961062140756,102.24909862969926,135.7628280804394,105.36026428062088,397.01036590882677
2022-03-15,148.8228421681603,296.1295525403503,104.22244461153238,138.1778764137259,109.08259187018524,399.97306884520634
2022-03-16,148.9603949218529,295.73718894574506,103.83401025437044,138.3888911386527,107.22904369422287,401.1400074973126
2022-03-17,147.66452601118903,297.63708215662604,102.89854680035099,138.73767775658843,106.21698299554063,399.0815140129158
2022-03-18,147.83666004840714,299.60233755912435,103.36471045480083,139.00022939572395,106.16379456675583,399.4149235673147
2022-03-21,141.28341678311813,292.785249336031,99.17279510524642,134.80382425566125,104.58421465115207,392.1683889907696
2022-03-22,140.73565444952766,292.70863387416347,98.22233338095302,134.72766711233203,106.04697998598598,390.5823634336636
2022-03-23,141.99136016905277,292.42559017281457,98.93032762283048,134.36816214684652,106.42440581669919,393.6314815124861
2022-03-24,146.7766955582308,297.2101122639244,102.42002963424713,139.0984395218258,106.16348669291102,399.9538296801991
2022-03-25,145.3942776679924,293.5045220830096,100.59990388296856,137.9512657035569,106.73848781854477,396.80162011277156
2022-03-28,143.52581795071015,289.9200612579508,98.96190017818819,137.30819233916466,106.8744760602349,393.9411709878442
2022-03-29,142.51399624662895,292.2749827471778,97.51774975956675,136.51808168975583,103.75387274301433,391.99194639607856
2022-03-30,144.63725080577996,292.4140585844349,99.60129788799574,136.82220774258212,104.75732398216104,396.12938216416967
2022-03-31,144.28289810643216,291.64887322821784,100.21516701415699,135.52748239972658,103.03882977722076,397.0214168348109
2022-04-01,143.16808884486207,286.2470910133165,98.65992063371816,135.44307666474458,101.62916064315499,394.9281278213102
2022-04-04,144.0765838656155,283.8649114341201,99.89093705432329,137.83279868293684,101.02840942851199,395.46661530818346
2022-04-05,144.30578272568346,283.77954518128314,100.055791959008,137.2994401005402,102.18539378093969,396.223746755444
2022-04-06,146.81112368764212,285.4294066260533,102.24640800261452,137.2735177288775,103.38846140448203,401.8028137998299
2022-04-07,143.56283593262486,288.27134702969795,100.27498701020903,135.85410644978776,100.99519086570908,397.24941645882564
2022-04-08,142.87269259559923,286.4366106596907,99.65896764360497,134.45344427331756,101.79220709018051,395.58664318190034
2022-04-11,142.10451783788398,288.9772651443821,99.45457783570568,133.24041241437115,99.57046109853171,393.2352958576785
2022-04-12,137.29274061434222,286.8695298959111,96.14363070291884,131.5616077498178,98.4893051875509,385.739770694777
2022-04-13,136.83715731357555,287.4055868722583,97.25466458934719,132.01035582933133,97.79578712496779,385.35202954059645
2022-04-14,137.38043578114704,294.69064888191133,97.31050816529975,131.66539786711974,97.62356994363014,385.57245931802805
2022-04-15,137.65264475857524,295.64231655695374,97.41233501671968,132.26673927936415,98.26737659933545,385.517067633879
2022-04-18,136.184783507398,299.51047275549723,96.44861519572733,132.56889535465788,98.69034678398108,385.64873927615173
2022-04-19,132.1095080921998,298.7977048290494,92.70867236424871,130.08325465896624,98.91905919382627,378.48935385663344
2022-04-20,130.91547721578024,298.67550237939776,91.5257220966216,129.59915566806393,98.3985983847087,377.1131800903962
2022-04-21,130.26203133367264,299.85766205597366,91.26681899519643,129.5923980833469,98.44297370487264,376.0026407454725
2022-04-22,128.06365609332883,298.99895258935555,89.93021512690868,128.79470439485124,97.09931446384532,374.2176672362758
2022-04-25,127.157852362592,295.094172818759,89.7020795481705,128.62006919836458,97.17370357291239,374.1612614253485
2022-04-26,128.95200914358014,296.8322147810795,90.00426048192311,130.61041964842937,98.1411830249625,376.50005820134373
2022-04-27,134.42607834017923,307.10929846945635,94.06781106219512,134.15728287128928,99.97729048263373,385.1760365364022
2022-04-28,134.9768818037536,312.7038426648871,94.6029666722474,134.03464861494828,97.91468693968623,385.25068485548263
2022-04-29,135.2955511007008,311.5175127113025,95.27774797324177,134.0495850403748,98.60407832569338,385.98467054331036
2022-05-02,134.8793999995224,313.0523681159109,94.3958688357249,133.42945553075043,98.99714219432983,386.77281958894105
2022-05-03,128.84494936348545,306.5145609660065,89.88129050588273,131.06031138202738,96.22214717746927,377.03611491944315
2022-05-04,128.72258447936784,306.1818361118022,89.82364016484995,130.46736500836147,94.65954814586858,376.47664979076956
2022-05-05,129.809574974651,307.64781272632257,90.1793727284564,130.19584442239062,96.5170007890023,375.72927357311016
2022-05-06,136.41059302711398,317.7364511048522,94.74541642742662,135.10996026406576,99.65552926174723,386.44321725881736
2022-05-09,135.01084395300165,318.8903463364981,94.27391315856335,135.02377509146427,99.18274593266932,385.3890594522326
2022-05-10,136.75258264681125,324.91633592221325,95.03241648244965,136.71638941011597,98.08845184882959,387.35637189532554
2022-05-11,136.57824546181735,327.52255439641533,95.32032686505963,137.48321395196186,97.05331793306742,387.24656852223393
2022-05-12,132.77174406834916,324.11397632197827,93.01064780633165,134.4851166587977,97.48599125833086,381.07576344143195
2022-05-13,136.7873414655718,335.0341024150384,95.82613687658456,136.25320557921438,98.8387684458055,384.7535197632439
2022-05-16,138.80285211983505,342.06257722520263,97.24610623022805,138.49107850266222,98.93859237129612,388.095440813806
2022-05-17,142.32885955193456,345.15611641138815,98.31722258985731,138.6067052965282,100.4160976538221,390.96098173474167
2022-05-18,139.902211456912,337.3480328117636,96.08472113670766,137.5725546800591,98.46505286423323,386.71811584851486
2022-05-19,144.0969070719999,339.8033305119225,99.78200143383513,139.87435331351892,101.84234780055691,393.7322724818885
2022-05-20,140.91968123052862,337.4557117987482,97.11439787409931,135.88028101988033,102.11317162653701,388.473188568909
2022-05-23,142.47288029473833,337.81943202685335,98.79701199402611,136.9816582772936,102.14925470774725,392.72598896247007
2022-05-24,150.05975389840074,343.4455230359148,104.28063523863285,139.77368156901406,103.6927648231571,402.20844685288506
2022-05-25,147.01606739610267,336.91805266003524,102.04945774509162,137.02330759276785,99.30137313759597,397.3894320609458
2022-05-26,145.9732255365096,332.4438771033478,100.47770657781386,136.1518547225516,96.89946237520202,395.41755795807467
2022-05-27,147.24753510625965,335.8794707971447,100.6860656743767,134.46674142977014,95.38468879743687,395.4904140482795
2022-05-30,145.67576114166806,333.46436330509283,100.22109180841767,133.05498451287943,95.06205587257371,392.9625440205903
2022-05-31,140.37301464900537,322.90708482150336,96.24336008575384,133.08889947726863,93.1681479752038,386.238615105893
2022-06-01,140.8873104674146,323.41499359776367,97.08506569850269,133.8566934036238,91.67522798291354,388.1083399870498
2022-06-02,137.27989206415117,320.1710367068547,94.5654722291159,131.38160265691576,90.35821793619655,384.31733997573116
2022-06-03,139.88190113865298,320.5717796551865,96.19548792128009,133.4973106038418,91.400002825141,387.17438486362175
2022-06-06,137.17312051734098,320.9350158894542,93.58701117780322,131.14634135361695,91.14868892715077,384.7818659355847
2022-06-07,141.81686827919756,325.7158425801521,97.35671722999511,133.07958246453677,90.44576322886678,392.3671989034427
2022-06-08,139.51820798051142,326.4613380331232,95.29254644487204,130.79930218135556,89.5787777890058,388.1267301964355
2022-06-09,137.83425632411337,327.3206415336045,94.0278797978269,130.57576944857107,87.7434952274306,387.65510918402316
2022-06-10,139.85453951246447,333.8118764105876,95.9728263923227,133.17967581489634,89.51731779091527,392.1894490071746
2022-06-13,136.7739121483408,325.3938836238094,93.63452745340432,130.34606002568745,89.27106890580563,387.5897716112536
2022-06-14,137.15468264070722,326.75242803320816,93.82963638924251,128.8076373356816,88.48507408802404,388.52931714598367
2022-06-15,140.65685136836552,331.8934750292904,96.19744020651167,131.88281873113382,88.84548839384482,394.80905409841915
2022-06-16,136.0564294400025,321.00435544129573,92.58725729674883,130.88487674341616,86.8754818539173,387.9687393285232
2022-06-17,137.29971531023057,325.49443513233246,92.9831710984838,129.33532951719775,84.61030795138494,388.03998478683684
2022-06-20,138.53078965957138,323.94971307024474,93.79922406182651,130.19825748671656,85.21294117281928,388.65193480635037
2022-06-21,141.5567112055076,325.12859838879194,95.96351011238401,131.65820523737563,85.62573196240162,392.78514308396285
2022-06-22,137.3554866476407,317.18122735098495,93.19004592647252,129.04396362277984,85.58586003068682,386.79208299119256
2022-06-23,132.68360256498508,314.5550856324441,91.05151960343902,125.80595442032043,83.2650413908855,380.6197180233988
2022-06-24,135.07064567944866,311.7953319572263,92.29672934600441,127.52604582550693,83.07779085278779,383.60643526299816
2022-06-27,135.83485199698907,315.019203609857,92.83703438762377,128.1738855004063,81.77433459125376,385.11776314407086
2022-06-28,136.5011202235586,319.4818181059093,92.78025354146773,128.82394162298695,80.96492115427003,386.8226651825301
2022-06-29,138.32196813856774,322.71223066627033,93.46600234395203,128.8097485076752,80.06354460678183,387.367566397885
2022-06-30,136.59222170804105,322.5518188324187,91.86385015229159,127.07438931108074,80.51783703236794,385.0748105529022
2022-07-01,137.58960577904435,326.10290044644233,92.77074965024853,125.22566190014966,80.0147506135176,385.62474169629445
2022-07-04,139.72021425877105,324.2491580563513,93.62466058294747,125.48780707209036,80.39690728447607,386.1246256515903
2022-07-05,137.2170343331673,326.34219916238106,91.61796257077616,125.75852070920264,79.42937926179536,382.78250555198014
2022-07-06,143.59107522696237,332.3314487752591,95.85719701658779,127.78073237733685,79.70904998206662,392.1001085763016
2022-07-07,145.1888711167477,334.1488330333606,97.24096286332257,127.13288027426576,79.94439731350114,393.9729159079302
2022-07-08,141.59417895879324,328.42574322728706,95.16913200288839,125.77815640442698,79.57092571797604,390.8853919035921
2022-07-11,144.58845178064732,332.8313627076762,97.05074337433668,127.36019353373715,78.91376700968524,392.04394419547174
2022-07-12,141.8222164433285,327.2995549658588,95.16314617572792,125.4014280682926,78.93175629394493,386.6251439796816
2022-07-13,144.67553117590762,330.77943917899,97.00573497016896,126.29157141332848,78.74199522714802,391.3063425064418
2022-07-14,149.1225319632968,331.37481227662175,99.89750874915013,128.31339760670392,79.22360470684166,397.9001985833106
2022-07-15,146.2661733437816,332.1740611140874,98.51615433186731,126.96321999404036,79.0898678956882,393.6747010247341
2022-07-18,148.98245271492476,338.49051251258055,100.25256752558333,129.38156772558742,79.23106505829419,398.09101193712837
2022-07-19,149.78385770642524,339.31145106344087,101.11545223986626,132.35072842327838,79.62151298264993,400.6935460052724
2022-07-20,151.41291231080697,341.1979696388336,102.79648260737058,132.04633620122513,79.99839725258214,404.2839696203731
2022-07-21,159.26274171258126,351.51683097036585,107.72624501764369,136.28237673730277,81.73905155263539,413.13681860542954
2022-07-22,157.7602543831295,348.1192277280287,107.68717532906193,136.0253581250369,79.12411847127225,412.16989505345987
2022-07-25,155.0564732305487,345.5677539270438,105.54011330094409,136.20559944418815,76.72130882269822,407.5269020338819
2022-07-26,151.9069992837384,346.10316197799546,102.32495213564808,135.51796520904927,76.61951376472683,403.3637077427815
2022-07-27,149.40910551416835,340.05529088255724,100.21549438952923,134.30900904048698,76.9855246324538,399.89025115447663
2022-07-28,149.6821857209773,341.1634151491963,100.44521272669027,134.95759190603027,76.05416408337214,399.78059192911496
2022-07-29,151.3815129960766,343.81586356394007,101.51764237900153,135.1554637519431,76.10053045984257,399.8681006693365
2022-08-01,152.01322195945625,344.76903418496204,102.39742891935563,134.88082870518036,76.61599353680433,401.91453214165267
2022-08-02,154.77846648866242,346.5851241264116,104.32935697052392,137.0416708541423,77.97014238327829,405.86700550010704
2022-08-03,155.0455075207868,351.10015250190145,103.82576635405744,136.26805966676378,76.01768339453102,405.10114950608113
2022-08-04,160.02516544291652,355.27874278863436,107.72910689023445,139.3129984843516,76.32782523809384,413.4814889510734
2022-08-05,160.1506662549402,347.83301768539786,106.70585079668929,138.94400973861747,75.8092862724916,412.09368108776437
2022-08-08,170.50552016638267,361.90286528008994,114.9010733669586,141.14467527165252,78.69444549607363,424.55669995712964
2022-08-09,173.4480822906782,360.3632131270338,116.93027708773903,141.64490682949753,81.76268049176043,428.2715197991329
2022-08-10,170.67856159321985,359.34193561182906,114.3260913354746,140.58918683007758,80.81466405333636,426.1834041343041
2022-08-11,167.49508692911718,359.7489111999732,111.20031782924394,138.4484463440685,78.52079072385123,421.9586032778725
2022-08-12,169.4742310942278,364.32415477016593,112.46478199144396,136.74884108912917,79.32998384994167,425.15379218166385
2022-08-15,167.8289374612992,367.486106566233,111.78603226159832,137.7258569375664,80.49031606641186,423.2945288483472
2022-08-16,170.83447732939746,378.51178860408777,114.26226483925358,139.10118555351028,81.21330932587179,426.8816019574568
2022-08-17,172.25122168226872,384.5990858900457,115.6727138426683,140.36708040371778,80.69568686965982,428.75552995405405
2022-08-18,171.66977761998356,385.7229758716986,115.14634451343014,139.80570324171853,81.62895015733694,429.2392298159714
2022-08-19,168.91654332309923,388.3812110281161,113.79162141906644,138.9772659597759,81.60598614281646,426.1500525643129
2022-08-22,164.18195514650856,388.406133649349,109.8275037113822,138.356572572071,79.30508531084465,420.7610303368575
2022-08-23,162.62808584327237,393.50887450621417,109.05244112659761,136.9364551890211,79.3303335550255,416.80084443085934
2022-08-24,166.00520015891982,395.76756584519103,111.03282334058156,140.03853903968758,81.06808529379752,420.31510942918624
2022-08-25,167.97360794518954,391.5298450768867,111.79819559985688,140.83411356351453,82.4841510611859,422.69416851769296
2022-08-26,163.5989604763339,383.710480830004,108.7145527754917,137.94192323931557,81.36468399661118,415.739582301699
2022-08-29,165.97629810576223,387.43907668688144,108.32167980832247,140.48017199648393,81.15493193923092,417.4380334533032
2022-08-30,167.82993642035592,390.0371288353931,110.27938911360795,141.55799504063694,82.76731079775546,420.43895238522936
2022-08-31,163.48203427408617,385.2706203619831,108.61054495028235,140.80425547381566,80.77551604578852,416.46668443288894
2022-09-01,164.58186327452373,388.3575141022494,108.8524758261452,140.8244498647327,81.36648573414938,415.98491530617684
2022-09-02,165.09555708918467,383.0244645723577,108.52428079578362,140.15288550945507,80.02905580447413,416.2828314262206
2022-09-05,161.83134365324233,378.50268458286746,105.80474238217745,138.47164592093847,80.16653214865161,412.5501648568838
2022-09-06,163.60816145974127,384.6493278969369,106.77293512860415,140.68807114101318,80.21507964501806,415.7687962789108
2022-09-07,165.620643710971,389.58938623704455,108.39308003697553,141.347249854967,82.00117785456517,418.69630173321457
2022-09-08,168.8884910440411,397.65449716013694,111.33192200508925,143.18186630583818,83.45984509791022,422.9556744407222
2022-09-09,172.79956687515877,409.498046860996,114.42320107450159,146.54581430169327,83.09732023412394,429.74233032895916
2022-09-12,167.0862705420216,402.6734512690435,111.45341632176657,143.9003652587115,83.41499785362637,424.17483046858524
2022-09-13,163.32121055162628,395.6930603062361,109.29220181387859,142.87170780938834,84.25295464408475,419.08157586583246
2022-09-14,165.63658816284996,403.171150455238,110.17404098070527,144.69411438197145,85.66847808433135,421.94694549334673
2022-09-15,168.69806371276894,410.7075531240727,112.19757976726224,145.4092377331782,85.31474156926446,424.7822159692995
2022-09-16,170.9589194476411,415.79153281024355,114.39603769204001,146.66382135668783,85.45442733732382,426.7437046911089
2022-09-19,185.40989194322265,434.9841289847137,127.05382018243701,154.28361189219675,89.12796061117528,445.823573519162
2022-09-20,188.16487764005808,438.1754862692297,128.20872574064026,154.9232713462722,88.87773956306492,449.9228535221394
2022-09-21,193.9444193553424,438.65775457369045,131.8775117508804,157.9867329471513,91.89306970369867,455.4624293281945
2022-09-22,197.68380670202885,448.963334795195,133.74793125281192,159.1957804743238,92.99311602014282,461.7082199693176
2022-09-23,200.52193446314206,457.67777869655,136.183046537468,159.69289349162347,90.49256366632159,463.37055857116025
2022-09-26,199.19860110894442,450.0981188610281,134.8906904811255,157.4000109635154,90.59692993595301,464.2326416320086
2022-09-27,202.02239829128249,458.4481822825749,138.49711387017607,158.28819858414064,90.92751537190738,468.3682674515303
2022-09-28,199.15772950765367,456.27529742773146,135.57252382626038,155.96890207455777,90.12645127687318,465.66765994950543
2022-09-29,198.0823150640004,450.4676848685788,133.88891610576337,155.12450594417786,89.4993203331852,464.83934206420827
2022-09-30,196.34660788540833,442.57776695773276,132.1274100900509,154.9565608214587,89.97453584493707,461.6532233007561
2022-10-03,196.07939714679335,444.8916775393665,131.31753033760745,153.23257836575814,91.34838131745165,462.1934571553559
2022-10-04,206.12999440850675,455.7975948425448,139.20417277685158,155.30976393890384,93.92523923716458,472.30500661598114
2022-10-05,198.38668970283896,454.2003508581889,132.05141874494038,151.13546694928004,91.7359118127165,463.53019142181586
2022-10-06,201.2011619435643,462.6218477746727,134.26883973405143,152.91539582537553,92.35860993909141,467.4273392589822
2022-10-07,195.51364259718213,456.1255218922805,128.13398795990517,150.37378729486184,90.85654713169451,459.1249814279697
2022-10-10,193.2329325235534,456.16067878843984,126.56919907639475,148.75342010917404,89.51142881320153,457.6687085168227
2022-10-11,198.20086783950129,468.6732481259542,130.81915122781265,151.9974900244499,91.21016319217024,463.4133308246451
2022-10-12,199.2792334492559,473.29546048660984,131.25239913131287,151.4337468298933,91.81687920242632,464.53827364590296
2022-10-13,193.54393077597078,469.78519283652054,127.50718968470673,150.05063679731603,92.59160447850088,460.19003758834486
2022-10-14,189.236703921824,461.34055907037674,125.37830270436463,148.43561126468458,93.38857443386735,456.156919225368
2022-10-17,191.0224615401554,480.04567419727783,127.4579038880415,148.74140390870684,93.25310247378499,458.89254820883724
2022-10-18,188.9486182829413,470.7423477412726,125.55210523906791,146.85794294376632,93.52511848703666,453.5939645350947
2022-10-19,189.50685475883222,470.6743289675401,125.50379768850408,148.05335896432794,92.62904202561084,454.9641448430386
2022-10-20,191.68383681018676,463.2729382180726,125.98700077911433,148.55744196356784,93.50552235628908,455.815242134147
2022-10-21,188.57110379156444,462.3827456978183,122.67713629480548,148.4847602621352,92.28195177949681,451.35047857276373
2022-10-24,197.97195460116828,475.3921799513413,128.76580152389477,152.73946137664615,93.16502697132837,463.8226280494192
2022-10-25,202.06774233223427,482.9809256313249,130.48040866825872,152.15625360527798,94.12806592560165,466.38231158849743
2022-10-26,194.78020868843194,463.2983387151115,124.72752900908664,150.8672187502275,89.1124778412411,454.05303744714456
2022-10-27,197.24821772131426,469.8265372776306,125.32456287721435,151.64911866386288,87.34307976321648,456.68372246785543
2022-10-28,195.3623147528679,462.49037166845,122.67408576800406,151.06290088718595,86.56139154081775,451.49822410356666
2022-10-31,199.96491373983673,466.74890398916546,124.69140759056911,152.2222364361208,87.43659521390015,456.92439188507086
2022-11-01,196.9999106959439,466.924868350911,122.50416565938673,152.05269982985828,86.32657358343327,453.83075209065265
2022-11-02,197.16606224424498,467.72361574569527,122.1619844990312,150.69574442299447,84.5307617561886,453.7387710586956
2022-11-03,199.0199809912247,472.36740883049674,123.36337132775404,152.30628589298345,84.11410755910748,455.90039481163336
2022-11-04,202.29379959543724,481.41348665827326,125.69916104256528,151.62986236424467,85.30876541163063,460.9678693819008
2022-11-07,197.03441158077575,476.7950955347499,122.56316217475673,150.25908501694124,84.88369124188392,456.1231171966187
2022-11-08,195.50792601467046,473.44089973948473,121.36034560343283,148.54552215142928,84.58342309674724,453.58724471901417
2022-11-09,193.173519532798,470.151428951953,119.98739085334142,148.04567107171403,85.41872253136032,452.36144800426564
2022-11-10,190.9764817214946,467.68065817962867,119.26175746805423,148.38527529660394,85.27937388363812,450.20365340770337
2022-11-11,199.42472634185546,473.58749237103245,123.64688338785837,152.46018321381695,86.05646414676981,459.5425327210473
2022-11-14,201.36072017319904,480.95209813840256,123.8989479421488,154.58935767207544,86.12643466857774,461.2056096950411
2022-11-15,197.0092680231228,475.3133136270525,120.67898080572202,153.5714531470108,83.52078682454375,455.93651354896815
2022-11-16,200.2261940717079,481.1613136301895,123.01311465255554,154.7057633492657,84.21953305100196,461.2758642591857
2022-11-17,209.79324407482696,499.83557927212223,129.22182405518615,159.36963830384198,87.33264883412738,471.31302909818226
2022-11-18,214.12064934377753,505.67968582797954,132.02246374374766,159.38176326992436,89.05741394953664,476.49588536006337
2022-11-21,205.56538843843722,495.8189453164011,127.24326211378309,155.80806718131004,89.24057512217813,469.5842156177085
2022-11-22,203.36600290157747,490.72849961683204,126.67569167708747,156.51831929915667,88.46515091374857,467.3584665176384
2022-11-23,209.13434593964783,500.21851449101166,131.0163636363956,158.4863151195251,91.19151035798528,475.2787457732238
2022-11-24,207.17302528378542,497.75336872487907,129.33960302360347,155.10540195364317,90.31416371325327,471.3736413868598
2022-11-25,209.8130657373028,497.2516473910541,129.96171073145763,158.2401792085284,92.44978446305113,472.79032264146895
2022-11-28,212.66055587054746,501.2147692460713,131.7628273432515,160.38800271530548,93.18594798074277,479.3873241906329
2022-11-29,209.92493519358754,492.5580595736614,127.39369699553822,159.55364696080127,93.13347955360128,472.86751663229575
2022-11-30,210.72729108304765,488.90062339004817,126.81233515752409,158.3615021770936,94.84175627585212,472.1876454242705
2022-12-01,196.60877704670054,462.2121147103308,117.93613500178712,152.74913805275844,91.48414456741507,456.0061609145391
2022-12-02,192.07748762086402,455.67953183245737,115.38710387329796,151.22655873752427,90.7770730378175,452.0286503398463
2022-12-05,190.34299641692067,446.69318971781036,114.6202947030365,149.92528575743387,92.03953217234863,451.5812267210119
2022-12-06,184.9297363212952,438.1639467905667,111.29649056666301,147.58402156862832,90.71207775357102,447.87334367235496
2022-12-07,192.64225873737482,444.2650188004893,115.38297360115982,148.88803504269944,90.75156493775937,456.0694282167718
2022-12-08,188.0739400494278,441.57825195151565,111.66067330013603,146.06071204335387,91.87957009040693,448.18541427209357
2022-12-09,187.44251305299144,434.9248486224088,110.88830039510295,146.36155290730565,90.93104731159744,445.9430522951059
2022-12-12,187.68548402478018,432.4363381496575,110.5041900571039,145.84068929064193,91.25096467271561,446.420826533102
2022-12-13,192.99664711823286,438.48085381324495,114.52086580101543,150.4411297866057,94.00783833417013,453.68080333497215
2022-12-14,187.10479282811082,428.62506786588824,111.15261146968672,146.4219005952676,91.91646949568604,445.6998640498821
2022-12-15,190.72645757084632,440.9475974198848,114.09050983675314,148.2140002317432,91.87128765399302,452.4253724544333
2022-12-16,191.07435990154744,436.11272416091356,114.48613119634624,147.57189988583772,92.18958017883561,453.0116249197888
2022-12-19,186.90656542521546,429.52155574789947,113.21962202282461,145.7153725729455,89.21958530627886,447.00080827564545
2022-12-20,188.5477760639123,433.5629841407979,114.4462364291369,148.0069347954152,89.33687637931959,450.42821935476456
2022-12-21,188.25589237778507,438.7037018600526,115.20875838871972,147.3474288130238,89.81290106758078,450.7520365827279
2022-12-22,186.20010505942687,434.05512528971224,113.25601342687246,145.86740156902184,88.96210979790048,446.73231882493815
2022-12-23,186.1571799521601,426.21086854275205,113.55985587399856,146.7155905799619,87.3187023999272,447.3200783590518
2022-12-26,183.7806123921501,423.77647348797404,112.77507965323917,146.18368110213177,88.75278032952694,443.8103537997757
2022-12-27,182.22741015300835,430.41656959107326,113.20142110879154,146.6032770082531,88.9869138431561,445.11265225481355
2022-12-28,184.96539088085558,435.2917460291741,114.52806637122227,146.77294377294433,91.25173809945237,445.67866780594017
2022-12-29,193.00061016962798,444.9325625051232,119.05217774956196,149.51805360289873,92.47961810635242,452.67064603576085
2022-12-30,189.06351559011966,433.832859051153,116.3548105315167,148.5856019297449,90.29831595080498,448.2590194646594
2023-01-02,197.93927893987714,440.0475687377082,122.65583400477692,150.67159662826901,92.65391797923954,458.4081292041134
2023-01-03,189.15444166038978,430.10358167579165,117.61447969883602,146.52931664052505,90.55568038194289,448.25574095099375
2023-01-04,188.9274867355142,423.3187627159928,117.10476817061472,144.40523155692046,89.0890342206225,448.9456380061883
2023-01-05,190.72041410256443,429.910830004414,119.15767568884148,146.01608306223102,91.33088843826931,451.22558125788544
2023-01-06,192.20419068343134,427.8519051387951,120.12697755117976,147.83916093855981,90.8935968714381,453.56638305012666
2023-01-09,190.19972002431805,424.73718135239704,117.9218099553448,146.59754489607195,88.2418709431282,451.8034646475266
2023-01-10,190.30222971250492,415.80664306365856,117.52959163656931,145.22017232922514,89.55497252705452,451.40731556096074
2023-01-11,188.2165338654707,411.87458239355607,115.70756418003995,143.40139161016953,88.54292930480584,447.64806331336126
2023-01-12,185.68001077538565,404.237698894325,113.82622081564682,142.13690224024825,87.34014217556184,444.2884879791215
2023-01-13,188.62223385703973,399.02918846460784,116.26580525805231,143.30125135738243,86.18324868361198,451.39016382626903
2023-01-16,189.56508015493384,403.13427509938316,117.4320122372857,144.8937249117349,88.44221440245025,452.8319056433736
2023-01-17,186.56416029761505,406.6940818152563,114.96869658874542,143.05675852912933,86.39889908075779,452.5662856850908
2023-01-18,190.66509289081336,416.04646267359703,118.00246388683637,145.08042399034372,87.28883703180196,459.01409858914906
2023-01-19,192.72518110802386,420.6733441644894,119.18395468795687,145.3276174402809,88.5976108485757,461.27545132912314
2023-01-20,195.6771232890351,423.20222602685664,121.1736773899308,145.9872747953889,89.84113384126445,465.9140184630652
2023-01-23,199.66748698238408,430.1133063240611,122.2315022715771,146.7690407188589,90.3767270405276,468.84062795452576
2023-01-24,195.8793005629805,431.36720673567123,119.80950313991913,145.72551014498185,87.70542763101635,464.62949828132025
2023-01-25,193.50384612131316,429.25331821813825,118.03626879885071,145.7562246666889,86.31965454623085,461.2032503881628
2023-01-26,196.22521310926442,428.1264432658806,120.23520379763504,146.82392624775514,87.21314134306111,465.12497394241353
2023-01-27,197.07302036808815,429.2803346200764,121.83261775511333,146.6516696509147,86.91227448210492,467.0015075456521
2023-01-30,197.73299358499966,436.85782041674,120.77476010975622,147.71254861118769,87.12960417007432,465.56725759916765
2023-01-31,198.88950013374787,437.3307981063968,120.94387364418435,147.0033261691696,88.00398200397437,467.70246574816696
2023-02-01,204.4509902033459,429.5204476748765,124.53571413786052,149.56419130744402,90.28729232068876,472.8011565980284
2023-02-02,201.90121752043106,420.33334786034396,123.16183427754041,148.53218267489572,88.36514614803983,470.81988715431686
2023-02-03,204.85065794530172,421.46680320417545,124.43468916045725,149.36624445766887,91.38598379858131,471.822470442758
2023-02-06,202.7451616389233,425.0795561433997,124.75323655705756,148.52647014907294,92.09635036508924,471.60026300602914
2023-02-07,201.41162588816766,422.9748377144564,123.14409899149004,148.84552413829334,91.89909722158951,470.4089770939825
2023-02-08,207.09962625664372,433.4082171911226,127.13010927995276,146.99603277161367,94.25933806069553,477.7455628062091
2023-02-09,209.95647108640836,435.5828372528217,129.5537165732882,149.69820496406325,97.9733632704707,481.93283214034574
2023-02-10,214.099513372954,431.35014496782185,132.59218116190922,150.19742449952957,97.03930596705065,484.25845748420886
2023-02-13,219.29031840983933,436.1774970120353,136.8427369351351,153.0262255674463,98.10139736285224,491.2626425175219
2023-02-14,219.8670646122201,438.0099591462236,137.60728936160214,153.49594023539638,95.22950519027664,491.72374023815286
2023-02-15,223.26166965166587,442.9855488291013,139.65809685077838,156.20784109948278,96.15569146850633,495.470428427858
2023-02-16,220.39164007409715,435.92617360318246,138.02775561253986,155.8972159001356,96.30330442762407,494.58472358649163
2023-02-17,223.07722211863063,436.2564874578767,139.9664815174001,155.60655272967006,96.59487690645727,495.90164797836707
2023-02-20,221.86116781165293,447.82463968574507,139.50424915672411,153.62305352524166,95.68277564120514,493.95130968659606
2023-02-21,221.7011627517908,442.94982485525924,139.99258918059584,153.4541241356891,93.3425997000622,493.5394278027155
2023-02-22,224.90008739577956,449.33293715511735,142.7620412341087,152.41693037771958,94.38093032190557,496.39326547487457
2023-02-23,221.9251847661868,435.73446673107634,139.4453035864746,150.30509048496117,95.33225142323334,491.5106928773457
2023-02-24,231.62310603813611,450.9735090639684,146.94629817780304,153.79246859017175,96.72004546649069,505.92739787982663
2023-02-27,226.63457878073277,441.71654983936946,143.1617251825986,151.25773336137436,96.26029346592969,501.9205753691363
2023-02-28,221.05076254897853,437.28714330181225,139.05648085920288,149.18190650308014,93.19847077156513,496.164400567972
2023-03-01,227.50222957484382,437.8214245239303,143.00904177336437,151.0249093884943,94.88942463665461,503.2397167022356
2023-03-02,231.7719130301046,443.50972074581483,144.835740313702,152.12825842688272,95.21362839208916,508.18402242771634
2023-03-03,234.74130197386495,442.93107060510766,146.55017535061654,150.64584712196228,94.92845454486563,512.2329394428784
2023-03-06,237.33952612085747,443.24756696962794,149.64056360944983,150.4028685403197,94.65075689134866,516.173359752619
2023-03-07,237.43174508305955,445.37115853799156,150.19711398189838,151.11760895682352,94.18237019457902,516.3287550743376
2023-03-08,231.8407306234602,438.85705230118606,147.03396375352617,150.427381396966,93.77251748557482,509.00204999740515
2023-03-09,229.64448189915345,441.15022026458894,147.48796984724925,148.6220773864365,92.31558260035692,509.1814897099353
2023-03-10,226.6801281926258,436.9129066728671,144.99546017669033,146.6112578634194,91.22107416152048,505.2836372110986
2023-03-13,232.54323349647828,442.56027272865174,149.27909756924456,149.50190311618636,92.11670577008276,510.0772886228961
2023-03-14,229.70874161638483,443.97434756228853,148.67185421355236,148.51132010654226,90.71949502544452,508.78657048701547
2023-03-15,224.7125342249725,438.21633691479093,145.97023818832562,146.98682740382787,92.02316583274478,504.6791651083542
2023-03-16,223.73199462503453,432.31285792687123,145.60274212111335,147.99427116104778,90.74435865407429,503.9336144720214
2023-03-17,227.7053922160827,432.30537700504425,146.5911579538281,148.37209244167207,90.38008305867275,506.75708857100227
2023-03-20,224.96368650701191,434.82377262141654,145.6379744251272,146.88875934088796,88.7593626458569,504.6255142841547
2023-03-21,220.33138172151632,431.2412101353832,141.9416032700935,145.33891933470912,90.0400032207495,501.08833827774515
2023-03-22,221.43797581880523,428.99107613995744,143.78787724370818,147.75472986035004,90.91506573516686,502.275125952799
2023-03-23,223.92803180918656,432.2037977205005,144.43528495268083,148.69945322138986,90.08708062646768,504.4088587157361
2023-03-24,220.92914442641415,431.8146113816546,142.5997669219731,147.86822397062616,90.88825917357282,499.79139695929973
2023-03-27,218.01245892757845,431.839006904259,139.93002946289454,146.53000407654815,90.68651374650496,496.9359968464192
2023-03-28,218.7919014193129,428.94529445241176,140.46826483888782,147.54264326939457,91.2151329161562,497.8219939311845
2023-03-29,211.14182835216522,418.806475291751,135.16612774254372,145.7619925632118,89.47274014935606,491.7767227684698
2023-03-30,204.81042474462777,409.130213140066,130.42744845407108,142.28662042163825,87.35233771740839,484.7167768722666
2023-03-31,202.93012773559045,404.3005310772573,128.18276474941518,141.81690232957416,87.08505191129619,479.6025145115004
2023-04-03,202.2930640744287,405.65566152994705,128.08583128354618,141.34195117772694,86.30733017119611,479.2791137221817
2023-04-04,203.55695414289403,408.579671044768,129.18027496284182,141.92574886619045,88.61195161414065,482.0838435302353
2023-04-05,210.1607472235603,417.6627362741469,133.9885979819344,143.5488131914602,88.5634691393612,490.08489786198777
2023-04-06,212.95279802487488,428.0283393071715,136.14526003100974,144.63534359703277,91.12346883415589,495.6973594108733
2023-04-07,213.00659073477024,430.3953802317527,135.16085323991678,143.33279501847773,90.8569678503602,492.216218989074
2023-04-10,212.91957964797507,429.8623191603995,136.16583899260007,142.23003309258675,91.19626745055676,489.2972749017559
2023-04-11,208.15111173124578,419.80963843165176,132.58844982720532,140.9699595921016,91.21834641261435,482.78547894840847
2023-04-12,210.77004200423832,416.85688552474426,133.49548114000936,140.61604333691525,90.48985817644913,483.0159114153296
2023-04-13,209.7376726676019,414.48716269228066,132.48282029736458,138.86782735818403,91.22276252653636,483.30906070708215
2023-04-14,210.6880033881163,419.8034502528686,133.53635603372024,141.6377837951292,88.46191231095344,483.97476610757286
2023-04-17,206.5723133275567,415.7123725337372,131.56976697843012,139.16260068243167,86.92105228482814,478.81107591519884
2023-04-18,209.9840734640272,415.71331080615715,133.95261112472875,141.16288496090945,86.38949228880476,481.83200876471835
2023-04-19,217.41984933149035,420.4825796924259,138.88194596316922,142.26672131132304,86.41106409305381,489.6952470183238
2023-04-20,215.7377341323096,419.8171342913876,138.33279695372423,142.58834871430233,86.09136981807607,488.67063803071636
2023-04-21,218.53119060875184,425.86935135063993,139.65994070410412,143.04761343432386,86.88733720269126,490.5501756872561
2023-04-24,221.3925502900406,436.6115902676269,142.20406824036502,143.6077406669801,88.30751579905916,495.9471729825151
2023-04-25,221.1272096939653,433.78911209088625,141.42544233025882,143.16682565090233,88.22036996684936,495.1662914098508
2023-04-26,223.25040730850748,434.9492944899681,142.21823938655024,143.64914316102227,87.69781658884173,496.59306840746024
2023-04-27,222.99068632961854,429.86273570891365,142.67004818109226,142.87029630404479,88.13218344727728,498.6901633808273
2023-04-28,224.6787775568242,439.12962065899455,144.03153118492642,142.19260031331433,88.37328987537173,499.9751934097611
2023-05-01,220.98546929801654,429.0968073994167,141.6798279965497,139.346222183606,88.72150194245718,497.18193776114487
2023-05-02,221.9218217358979,434.5562008601209,141.98564231942927,139.73000553308523,89.63313452882647,496.5249230640047
2023-05-03,224.8907222125121,435.73273468476367,142.7900270798377,139.33043631416413,90.14669475467703,498.70467173822624
2023-05-04,231.55483677522875,440.89783776938407,146.19330836620338,141.7868754439633,90.49939672404459,506.1897618880149
2023-05-05,236.01555873590075,441.19616312024124,149.84145344769306,144.05731968651307,90.66910961562547,511.6655646754002
2023-05-08,248.66022866964104,464.2032364205969,157.6688822945461,148.03835610657268,92.0952558251163,524.2482357596116
2023-05-09,244.21533680605492,461.1761900166001,154.52907814177198,145.97571243368984,91.01210501947105,520.3780167515262
2023-05-10,248.67504700408,466.3408863119989,157.96226630603863,148.49824604445016,92.1674003065394,527.9469475564916
2023-05-11,248.8303432822646,471.80770547510997,158.6509928161897,148.42351349437558,93.1957183645481,530.0625782933931
2023-05-12,261.7480919551511,481.4073472212177,167.9491176060264,150.90720685628804,95.29669754036162,542.6143914772131
2023-05-15,259.275540472922,476.96598178435204,164.8629131843633,149.20349568672663,94.53103761512432,537.9675466361764
2023-05-16,253.4983591140224,472.6489416604269,161.14460399576936,148.39084463135399,93.89172998115158,534.9905893749263
2023-05-17,250.2512139559762,467.01836574515215,159.5775218965189,146.6660586619649,92.71431169109943,532.5774801667329
2023-05-18,240.1345017711552,461.0301854805391,151.63898378449522,143.96702996676055,89.644816281119,522.1460754927409
2023-05-19,237.34919267155556,457.3045473852314,150.1323750589272,142.31955167461822,87.21089052474561,518.733886752863
2023-05-22,233.8739584116114,446.2400832050277,147.19456444569167,140.44008206906486,85.77952903258205,513.7503996307106
2023-05-23,233.7499614912176,445.8714069333299,147.35339446033674,139.67177526344182,86.44188565049292,513.9756485949225
2023-05-24,236.00426308560844,449.0371747034339,148.64367696074137,140.96678285502006,85.99470699020098,515.6331587341531
2023-05-25,245.9402891173176,455.32382763749433,155.4551186855988,144.11666350104983,87.44006583856685,525.36574204985
2023-05-26,252.24461858846226,456.9542961960276,159.36253397388373,144.76185489507782,88.84462522971306,531.4542747138559
2023-05-29,250.28347000594547,451.47612788033996,157.05927394644414,143.40418441363445,88.908783504009,528.6290704584244
2023-05-30,247.9385121391642,452.40247554907336,152.59929584287042,138.82112074769307,86.89946131331574,525.1659532471122
2023-05-31,251.31560464152847,453.0325152323197,154.14756732818822,140.4528899815924,88.46648154033147,526.122208788576
2023-06-01,244.44789094284846,452.6213777019508,149.93679173803238,138.14004029024852,88.52441578555255,517.5730478655181
2023-06-02,254.86987077595867,460.0128779738637,156.43610932129192,138.78195227283643,88.9612916429106,529.3062633244145
2023-06-05,261.35190429244307,468.3299835068736,160.74746167662306,139.30296563700307,89.13981534270982,536.6632007680653
2023-06-06,259.0720937904215,463.786724453774,159.6740151612455,138.14743666580762,90.06452227001618,534.1244631153426
2023-06-07,249.19243401111947,458.02655402627227,152.89586845366293,134.13346211377697,88.32111120652087,525.7769056261245
2023-06-08,257.04992724221415,460.4775559342037,156.89899060653988,137.1178309771397,87.10800499476147,532.6795017976222
2023-06-09,257.8155821639294,463.5312232691205,156.40754830902858,137.3809067335251,85.4902028922072,531.3159463117786
2023-06-12,264.0341331899196,471.2302615636399,160.77912208946978,139.8074746635744,86.33871322029903,537.7988640502999
2023-06-13,256.0810226771969,459.4811876654224,154.22226990906887,134.67996337916304,83.68983010554437,526.1890614169793
2023-06-14,254.09328125473226,455.60769676368596,151.972210286436,133.25733974668879,82.74751767868383,523.0500657789348
2023-06-15,254.08601214840962,462.9999296963194,152.34641243859033,132.63287741922036,82.79783290153314,522.6451976766097
2023-06-16,252.31236679850156,464.11172013559377,152.54959781744253,131.8330981024028,84.39634529675975,522.2344765228905
2023-06-19,249.28541298893185,458.51735268255237,151.1649700286148,130.7751674007683,83.70593397589654,518.7523498429296
2023-06-20,254.1344823999474,456.53546406996435,154.63437576641363,130.71411787337954,85.41307740019676,522.4979277589504
2023-06-21,248.23845259682366,453.2306543355227,150.5889789593247,129.30551522774434,86.02128683733363,515.6148358170727
2023-06-22,246.56062015316124,453.55321623787853,150.29677109154474,129.83562137190899,87.47844213515455,515.2389601371108
2023-06-23,246.80747300842594,457.6292421896083,150.4409593340432,130.69304639870884,87.91662395404774,516.6378286286523
2023-06-26,250.5520482053651,453.86727809403544,151.78300585590893,131.3956421311514,86.23387721182173,519.420437417366
2023-06-27,255.1734607250315,452.5373169993207,154.02484499487687,134.46308362527083,87.39531281967194,523.277984528381
2023-06-28,248.72591338003173,451.892152711193,149.7067136005836,133.81183609423766,87.54335439723522,517.2048342099425
2023-06-29,240.1259695623581,445.32258082471685,144.6148522326855,131.34076286222412,86.08046039062111,508.6466330703708
2023-06-30,246.73312199736523,454.8729644382551,150.5896194085763,132.91610431644003,89.19154568297282,517.6129796108246
2023-07-03,247.7371241163521,452.43964790692826,151.36153188340018,134.76656711897635,90.49200488544105,520.0715262006468
2023-07-04,245.29005586201157,444.12629187174184,148.47527340424003,134.58438307642146,90.45014907603712,517.238302548337
2023-07-05,253.64377642763438,457.2695995707485,154.03730217529454,135.73084893128873,93.20738203341938,527.0948776879114
2023-07-06,255.60168369516785,462.9673146780555,154.75890910318162,137.0189277867058,93.72735214836622,526.3858601704137
2023-07-07,264.0464095511969,464.6102978304241,159.36654276674938,138.82810963278763,91.954139673175,532.8099257637889
2023-07-10,265.57094343726203,459.17456052131325,160.53183381101456,138.11709147999684,91.45299566172149,533.3346554780672
2023-07-11,277.62043456011395,470.37764355951504,166.8953426587546,139.56446880936696,94.87488265393227,546.8875100953495
2023-07-12,289.2066298471992,476.7268652891224,172.28768980807794,142.2580019497667,95.65656731740881,560.2298112450613
2023-07-13,287.6771664688887,471.5570379267016,170.9590481484515,141.86370466378688,95.15342224984823,558.2732604203753
2023-07-14,292.9983432654749,471.26779703628114,175.80219525763195,145.19215421544692,94.87278946456478,564.5698802298965
2023-07-17,297.70292101869074,472.88573298519964,177.38211751776691,147.35601728901202,97.70530359482554,569.8370835072775
2023-07-18,305.56241788691034,475.32452482229013,180.96639915978614,149.17612689914048,101.25162370031731,578.6527316162714
2023-07-19,300.5863010727859,464.8367576893913,177.34554739447879,147.9334265192605,99.13983675084815,574.8346319350213
2023-07-20,304.7389100064679,470.31453605301766,180.48671665779534,150.06896527929763,100.05093240395402,577.6558190568227
2023-07-21,312.33285460207674,476.276367471176,184.2711677208679,152.09576781230356,100.30713602096912,585.5537242913093
2023-07-24,300.8038312980618,468.8178598306168,176.05450443143513,148.3710127334081,99.27040434294543,575.3388946456007
2023-07-25,292.7989191594125,454.7040784919472,170.52688782364535,145.7850261366463,98.7032594752668,569.5322938520749
2023-07-26,280.5757843670308,443.9266046040642,162.59430236224847,142.7387599294212,97.64091323047636,557.1021234386069
2023-07-27,278.4698648831714,452.1264397645828,161.17335323759303,142.7448009855751,97.79100880002554,556.7544887998589
2023-07-28,284.0068693383204,454.5168065427269,164.32440938217997,143.6973992907656,102.26451535656987,561.0693581220272
2023-07-31,292.1791342736429,466.9017604218566,168.28610295624415,143.5833532866053,102.54979797373299,569.6372089098556
2023-08-01,292.90000983183614,471.4158376537897,168.01608850722883,142.4181148348104,100.4473557830766,569.0853418387086
2023-08-02,306.11446641496684,485.1965612256969,173.84801227474236,145.87889594485554,101.67292657486901,577.7489832166905
2023-08-03,295.8025476748991,478.227428350296,168.11148765437903,141.36678703783667,98.26925994864187,568.6286813696554
2023-08-04,284.1549682264202,471.44101361376323,161.130786464394,139.76555657202795,94.75087336182662,558.6019835410484
2023-08-07,284.47174909150345,474.69239396423353,161.50377484988567,140.75577624794204,93.51813044554933,558.1902378060105
2023-08-08,287.2032690996777,480.18881083745174,161.74763842564118,141.47626162625528,92.81762247174446,561.0104786425302
2023-08-09,287.48418243779696,474.7807079566439,161.69505078728406,142.0684253295358,91.68594905810617,562.5652523330588
2023-08-10,275.2045672642056,455.3474178548516,154.36202331364586,139.1968274055117,90.33663733323822,549.397430302789
2023-08-11,275.4372930727961,447.9223203828656,155.28946472569237,138.9693602125345,89.68992985446333,551.9497114980543
2023-08-14,268.83407588950047,439.93140446013956,150.2916647256038,135.527915669758,88.29227348751208,545.159478932176
2023-08-15,273.3901803814769,446.3676975145466,152.94646722057627,137.597275700638,89.93388143359738,549.1583311362646
2023-08-16,275.4506939106144,443.5231772663371,153.14986931054125,139.63909633756637,89.4200527216823,551.3072525355432
2023-08-17,270.5654188198717,442.8706969214654,148.30605109564456,136.93317672746886,88.26638146985351,544.556491445332
2023-08-18,269.59436072427735,438.08907594805254,147.0716069938531,134.76223513280922,88.2151217247277,541.6265111398396
2023-08-21,263.27481191935277,430.56843397013915,143.4569595473242,132.98596549823915,85.14412002368718,532.9015463203865
2023-08-22,261.9840914763253,426.7850486189838,143.9961696822446,132.32430364481448,82.57281865724735,534.2263910471512
2023-08-23,268.85648004560903,423.7006816189151,146.4804396956459,134.00437602440869,83.77577019461991,536.6688119432686
2023-08-24,262.9956786247267,419.867316719373,143.44771146154744,133.640338932145,83.44996540235088,531.08373452654
2023-08-25,263.77075992469406,430.02774672911585,146.36142177165638,132.31986209305774,86.1197793106627,532.8617201719333
2023-08-28,261.6401433369241,427.20677922454564,144.82638046662575,133.03105815619463,85.82941246881329,529.0925382719498
2023-08-29,256.61458201089187,415.44251844086193,142.3316050691086,131.43685811470618,86.02317257664434,523.9787617758816
2023-08-30,255.99616495597024,418.394770129097,142.01255617371277,131.78911572745986,85.72757246969329,525.8170593857609
2023-08-31,250.58723241635096,406.62205268282673,137.68723847919907,130.79819388668892,85.14021269636153,518.7197342004638
2023-09-01,247.79120191453327,399.1598899287751,136.70719191062582,130.66689650857055,86.46685794860034,516.7954795851992
2023-09-04,242.0414237184272,392.66873852268515,132.56997002529647,128.91723019543764,83.1443258588259,511.5066617236525
2023-09-05,252.48061655892113,402.73188550679123,139.22527375729422,132.26776490536523,85.31963350658194,520.1749573386771
2023-09-06,253.27143603183828,398.9626927703853,138.4601381191798,132.63315569157174,87.69972678996527,519.8365269082562
2023-09-07,249.19178873299774,394.6761405916207,135.53941365098564,130.97743027146083,87.38681353376381,517.7370205919113
2023-09-08,251.1896790985247,398.7535561097573,137.09296047695202,129.69281367856686,89.44163420590432,517.6072761220818
2023-09-11,251.25340687061941,401.85512505865006,136.5629561168499,128.42249698260486,88.64188668051749,518.5420654022759
2023-09-12,249.18287732395646,406.09790830055505,136.7213119737095,128.0242172939962,88.41508634438865,517.4345868590345
2023-09-13,253.7696955450777,417.310445283943,138.7171253837249,128.26422191527936,89.03269964261511,521.0696918328604
2023-09-14,257.61153171140836,424.79522812008406,140.17272146834202,128.7251639777819,87.26877844144622,525.7175384628972
2023-09-15,255.48961615181446,421.34658236669736,138.9789246009646,129.61983826103886,85.52791439098824,523.2268494747576
2023-09-18,252.690693127874,422.2946867962539,136.7879759739567,129.57088554122006,83.85781464394219,518.966403317252
2023-09-19,253.0607997945631,423.08558632787816,136.33563670773134,128.94907030440757,84.50389535684073,517.2655288545008
2023-09-20,240.31721639181745,413.83936612369257,129.1397009084115,126.12223093064996,83.42983405287346,504.8592153529536
2023-09-21,232.12153726759752,407.2768910932032,123.8039765055237,123.53723907432197,82.47321622613846,496.83953549895136
2023-09-22,239.33247176671728,410.3801565746488,128.00467123857797,125.68634637232294,84.54356205135535,504.9791241848304
2023-09-25,248.0180602698867,414.4026855704838,134.37244878976355,128.6005838960107,85.83778476117142,513.5954187071386
2023-09-26,247.50923637467844,412.9339177857315,133.8943120114314,127.87045199710614,86.93913535187001,513.0907356033196
2023-09-27,249.184837618415,416.6164918779057,135.73962801184524,128.1467367417898,87.48480137160969,516.698836691037
2023-09-28,249.95238603087995,415.4780633474998,137.4035009212371,129.79177625049513,87.84558366230041,516.8155177279954
2023-09-29,266.59738694003823,433.19470954246503,147.98114868934056,135.243586316066,90.41565279630885,534.2613723302882
2023-10-02,274.4217301576274,448.6500291874579,152.1365846637626,134.87836294420484,92.28397360910694,540.0138907508239
2023-10-03,275.5842339662744,440.2733453593933,151.01665766628918,134.06318658180047,91.68480446092856,538.3338697113924
2023-10-04,269.7744582395325,438.01787018428433,147.8171264406076,131.84576092136658,91.9182426127599,532.2872852039006
2023-10-05,260.2319476773003,429.5355149169726,142.9525709415365,128.81760972612898,89.12183906835455,523.8186686916213
2023-10-06,261.5662876358499,432.75244120834805,143.17432158658784,129.96623075478658,88.09104568682446,524.4390270602566
2023-10-09,258.4746767129824,427.14453488867144,141.51472684166998,128.8586347623273,88.17584108859324,520.5144235531333
2023-10-10,249.60576004321604,419.4596657996726,136.80353129974364,125.47817333802989,86.79519352190792,512.6391176704853
2023-10-11,246.3584804204807,416.9397196142142,134.25204095095236,124.21044919397664,85.73188134907424,508.2694018718835
2023-10-12,241.51730000093912,410.46921574924244,131.43915003070506,123.1406768833823,85.74379491637546,502.0095783563674
2023-10-13,251.3125727847339,412.6310349551146,136.67422069183743,125.46037197517217,86.60799971996508,512.6396948335173
2023-10-16,256.55440941038074,416.2171446884764,140.04663490677098,126.22343073392618,87.19808427807165,518.016638243298
2023-10-17,257.6063289893842,410.40187135321986,139.88371016537968,126.54574809322973,88.75995235380837,518.7915363695769
2023-10-18,263.47290028133517,420.7364053432929,144.8810486911588,130.3259144633441,91.92263427088186,529.0502559563699
2023-10-19,264.7173167529875,413.39133416425966,145.48768302409502,130.9134496189938,93.85758239858386,530.2058616519356
2023-10-20,259.11720011482385,413.61359635448866,142.7583727234942,130.8378621791931,92.70188404549124,523.0919725311871
2023-10-23,266.18690729294605,423.28538130082023,146.80413271037378,132.70156042059907,95.67432446416655,532.4868047540381
2023-10-24,270.02131959765137,428.1038456840734,148.02766715461084,133.57810334641988,95.07867405500758,535.1093591440377
2023-10-25,265.39240125371344,413.771248943935,145.03666661418563,131.95449159614788,92.99848099741425,531.3525566129397
2023-10-26,264.21468023395545,411.6255856728213,144.3400983182681,131.80426205673723,90.1094472335771,530.8962362670203
2023-10-27,260.18672270108567,412.2993730284149,141.0976236266664,130.89279723696632,91.21377874592532,525.2541744793596
2023-10-30,254.01084350079682,403.5417746094651,135.79904648214762,127.9511942555016,88.94604232373797,518.1226964391727
2023-10-31,260.7201179205333,403.78532630001274,138.218459261238,130.00045210355194,89.67708213237127,523.74543266101
2023-11-01,273.86376203964585,410.67343884194474,143.42769916326847,131.45948166162194,90.44351704768965,533.0403122695981
2023-11-02,266.3539787080203,403.71902959665766,138.72511010496706,128.0963588801749,89.93614869987232,526.0629110512455
2023-11-03,269.8709426972199,403.13073073963096,140.2706955595009,130.98469853162945,90.04904641624552,529.0479074267641
2023-11-06,264.4097853804006,405.21499660759616,137.59541901615614,129.53673512383187,87.99025820109121,527.1214513691061
2023-11-07,261.3955259937888,402.7574230479784,136.0109834768369,129.5032769761293,88.04810661259783,524.3236964540633
2023-11-08,257.2058312176274,397.81720998718873,134.3546799251164,130.213161191062,85.94703954834047,522.7730924832222
2023-11-09,254.57017515148124,388.6970266675047,132.833592892149,126.79164357110109,84.29243444850707,518.4771142858534
2023-11-10,254.74951971230425,391.01356634076694,132.17369177238857,127.93034194302594,82.12974979788538,520.0754869680458
2023-11-13,250.2944108158641,389.1161598254359,130.26467648167298,127.30369781101098,79.98094602204054,514.9252314485286
2023-11-14,252.43114269585095,387.4179951571378,131.67703344789967,129.26246389421334,80.39926075454417,517.0576780790324
2023-11-15,252.2739712028455,378.6404016935999,131.12177784274772,128.12524478687862,78.39695298845159,514.9420471066313
2023-11-16,252.70337183808803,379.2983431372898,130.52655171458184,129.1382100143106,76.76224220784347,513.6137131639276
2023-11-17,247.1340024864099,374.63125830341517,127.53337739238734,127.11271497127167,76.04906605759342,506.96124897667204
2023-11-20,244.25503535299555,373.4771200478486,125.93208394842073,127.24251765149936,75.08677868023898,502.6156912553977
2023-11-21,247.73931720751875,384.62801006239084,129.06186089556593,128.3862639098678,77.62116775721017,505.9907795854854
2023-11-22,249.28909561831588,387.01301201452657,130.97258706988194,129.90248628109933,79.86894790706516,509.7359111463339
2023-11-23,243.42685320651017,380.6612057331764,128.2796661730528,128.48587010964053,78.20862067258803,504.26174118874746
2023-11-24,244.00690455580462,376.85735655845616,128.38171313981846,126.97869752812278,78.85433747838835,505.02648955068867
2023-11-27,247.77149222775515,379.23475978371937,129.90631843060473,125.30149833240586,80.24161769070535,509.21655128973055
2023-11-28,238.18103021859022,372.4665732533492,124.7860970274531,123.06621673255782,78.2768915637861,501.2938001855007
2023-11-29,239.81534155340952,375.27322017421056,127.08338937782402,123.65817843870694,77.25735654150927,504.49441329362423
2023-11-30,236.31128214835473,379.0420564944407,124.329338969558,123.07575678288215,76.72536028308019,501.26522632294984
2023-12-01,237.9843215058368,383.75930578894094,125.49488160740351,123.71797775386322,77.02502705177173,503.96493498491355
2023-12-04,234.76302135036565,379.89644567270415,123.34138467356054,124.43069256335964,76.00646525865353,501.19836868825274
2023-12-05,225.68693588943702,369.2383297794224,117.71314566366749,122.03311733484988,75.02083746542823,492.8212080724281
2023-12-06,216.49872451422195,363.2228612064655,112.90681844724467,119.35006799966021,73.07410427331462,484.15718051537164
2023-12-07,216.53525565685243,360.251182371897,112.8625933607423,119.73959697197071,72.06379978331061,483.944669223707
2023-12-08,217.21204744744986,362.19579637939484,112.9355714880527,119.7698061625353,72.36903585582498,483.73972488961766
2023-12-11,213.23079053071066,360.2147231975406,110.11369011756989,118.60409298005004,72.05203308008821,478.15463821722057
2023-12-12,217.49179651895025,362.34935510815865,112.15567875265161,118.49300045525938,71.4717250041564,479.3632401287453
2023-12-13,208.13678192724043,353.06492260374546,107.25601806485031,116.20717480875027,71.08555862762843,469.83276330756763
2023-12-14,207.99262274963795,345.17904345112214,106.39486322608523,115.74786184060967,69.47403580195625,470.03001446652604
2023-12-15,202.41167843216988,344.31848936509203,103.13449961679306,113.21091996441582,68.11380939295239,463.88460090319626
2023-12-18,200.0964373734413,343.1826346785726,101.89336719557232,113.97873061854982,67.44251103336408,463.1305344168101
2023-12-19,200.53991768595304,345.02378151284546,101.94940736225726,113.18631751150825,66.94476583208656,463.1462663737889
2023-12-20,196.22549781908606,336.23808092987696,99.72006668969054,112.07362204096738,65.88492298334279,458.45448355887095
2023-12-21,194.37485333326666,339.563476732217,98.85881084421543,110.95061027216424,67.20239079965997,457.76194687466693
2023-12-22,198.20704897901203,342.2223054738356,100.52813395313176,112.55051868064588,67.19300088969747,461.0384948429758
2023-12-25,196.57970917995573,339.0061868865415,99.39534053076659,110.79256411189645,68.89442571742592,456.73709418256846
2023-12-26,200.34230901880326,338.8721739324185,101.57543287040755,112.6027453059626,69.8916246377308,461.827941017483
2023-12-27,196.91334189602284,328.42113071709565,98.74485400227499,112.77563980892162,69.1648709980286,456.0507295091571
2023-12-28,199.25956137263137,334.57781340386066,100.44518974618362,112.83139517113965,69.97750862453728,458.7111310451087
2023-12-29,205.23217700762646,345.0605138507573,103.47106668802057,115.81420037256332,73.35525266402614,465.26054682493947
2024-01-01,193.1785257775309,334.53747502443133,98.07199371362755,112.19366994245455,70.60946304729438,453.11634922650006
2024-01-02,188.50609818949624,329.2077125415546,96.32370688269194,112.37998149206152,69.0509697405092,448.478462840781
2024-01-03,189.8085125080357,330.373679660121,97.53734437399311,114.97688136552472,68.81701676773892,451.5800884515484
2024-01-04,189.2145848915746,328.5400448573631,97.08570162353642,114.53787103950137,68.709495780745,449.5478385175592
2024-01-05,191.2247272557527,326.14747683741376,97.92485497203107,113.82041011851364,67.49632891013506,451.36751697332454
2024-01-08,187.56462399039273,322.96582728645785,97.0563385296182,113.81250122700129,67.10186079083522,450.5692228634295
2024-01-09,188.65061435413173,323.9458438547973,96.83932972750473,114.14322697516388,68.6259608455466,450.72513366700554
2024-01-10,187.70200726984882,326.846710392736,96.19689397365178,114.37499334873402,68.65599159574394,449.97187055388747
2024-01-11,192.80577760012258,331.6595720281184,99.35783555082028,115.71483160017681,69.24894685933573,455.7706404588667
2024-01-12,195.1974364574587,327.52597097229733,99.73360689950357,115.3577313314242,68.90190350063271,457.39293640938985
2024-01-15,197.42625196691904,330.18529640843957,100.94463954485894,116.82160175928557,69.94457714072648,459.74761093007453
2024-01-16,195.4846365099183,327.8414806832401,100.70989450442292,116.55139078342185,68.93175046901825,458.0820478804409
2024-01-17,192.76296184580167,330.6421404665844,99.40879987675774,114.71259449751537,70.2128448419044,456.06310624049115
2024-01-18,189.36776732787254,333.88797568824157,98.7034452750855,114.72189455493536,71.63747406873073,453.8586528221332
2024-01-19,190.55354095043947,340.6563815770426,99.17211533601949,115.69327274376425,72.17651723441212,456.1037462479319
2024-01-22,188.68407792108104,337.15146225659436,98.52601337116154,114.87867406046546,71.86075578368782,453.92331267388715
2024-01-23,189.2246723639568,345.39407764834016,99.31466070098504,116.65567149200439,73.03382735768791,453.681068599147
2024-01-24,198.10909467722828,355.5412824702752,104.56069122934701,119.05905154761794,75.68005984796972,467.1367440536131
2024-01-25,202.10413331146412,365.43502430979345,106.47988275826712,120.17896331718056,75.60598950771298,472.59715313554597
2024-01-26,200.53287691865,362.3055875354161,104.94780039837644,120.41129097531388,74.86056022879474,470.0206333034431
2024-01-29,205.49169059845917,366.62004233870806,108.23817559827633,122.23601431061496,74.55634741278895,476.7183692697768
2024-01-30,203.83910269823696,366.00166734823716,106.29254952194094,120.47216631094189,74.63601342356978,473.29788981354113
2024-01-31,195.22298593951265,357.84781959455717,101.16759369462893,117.7853047762026,73.69823629488951,462.3936839898654
2024-02-01,190.14369079796643,358.2318249150806,99.19693689009438,116.07110340904988,71.70489992138404,455.90013353906676
2024-02-02,183.48419369208196,349.58847747827053,94.99370660869488,114.25973328132831,69.92839674172698,446.6675196457912
2024-02-05,182.04532868375068,352.4139397179792,95.00844467915891,113.93867082514868,68.50596427920452,443.50497840166395
2024-02-06,182.19173736447064,355.2801743159668,95.48721645433761,114.0708450044331,67.7545299676981,444.1374834761575
2024-02-07,189.69077175706332,361.8845821087028,99.11129065016588,115.51407958023039,69.43938484124051,453.3018458822024
2024-02-08,191.30985822034881,365.8949489967977,99.91998554716723,115.80065408155659,69.04280643359276,454.25381125882285
2024-02-09,191.1597762494092,363.33671214512685,99.40789804914407,116.34008231994555,68.63383875734449,453.4756665318726
2024-02-12,194.99576838857968,376.0180690231156,100.73292678422939,116.86433337764205,67.8288075241267,456.90578144710304
2024-02-13,185.26541100765743,356.5178776421605,95.23240294573324,113.84665886717264,66.45180016274129,446.5371465484978
2024-02-14,186.56266633441555,360.14011631462927,95.5639902662972,113.4276308799109,66.5872745218193,447.16266090600436
2024-02-15,188.98966574164163,357.182413362226,96.51807347319217,113.52653419372503,66.51746878192321,451.95017501769416
2024-02-16,183.02308139933695,350.23510456626667,93.23513397049558,111.5167728794836,65.35448120355035,442.96145123472826
2024-02-19,187.76599355268348,354.9290684091529,95.7225469277945,113.20872199068866,66.29775327661493,447.7401843470598
2024-02-20,189.08787914863765,362.03940764893895,95.83901864244861,115.33629273597782,65.85924686346391,448.45293953149275
2024-02-21,187.31748676733932,357.8635006508389,95.08654693878542,114.42470258686048,64.37167380449337,446.7571812438508
2024-02-22,188.6235188918388,365.5835861281833,96.84161471917325,115.27396144155811,66.30300799410116,450.61373699538154
2024-02-23,198.01155832366624,371.3852562070357,102.32387523275712,117.38628739961469,67.35719086938563,462.5254846267254
2024-02-26,198.94933172219223,377.4939898852345,102.6519807859345,118.18972223364658,67.41200253799826,463.08560440729593
2024-02-27,200.23917058006987,376.96276786322545,103.54312186744929,118.9088218070814,68.46565993758148,461.60231550764536
2024-02-28,197.4688406154038,375.3284501461788,102.74261013584456,119.56841566304963,71.25871401041698,459.46221455643536
2024-02-29,194.80995047514494,370.40366901981827,100.84957447006936,119.35285017229897,69.53831341877753,456.1309702717914
2024-03-01,197.8214203214875,379.19524854188796,102.52375800459671,120.8691456751492,70.55222784330348,463.2886344148536
2024-03-04,194.90288551842715,379.65092540487706,100.60676877236682,119.27688269560798,69.31340548020822,458.6429370683373
2024-03-05,195.6047222703502,381.86033825094336,101.31418980235874,119.58520715342625,68.90400164319658,458.4769677534537
2024-03-06,193.11047071760822,375.41346618476166,99.9465631472928,118.84666095662767,67.95044662274425,456.5486332501942
2024-03-07,196.60953301934646,375.0077123270977,102.01480045047691,120.3770879429695,67.33466920224872,458.867364280308
2024-03-08,197.20441315719506,372.75779522462454,102.62354151336086,121.6062151207823,67.5433929856376,462.0493578928181
2024-03-11,202.5978574142395,369.0642864392253,105.22145533351018,122.87952627004333,67.02531959108403,466.69266147734254
2024-03-12,201.17318859640577,371.7041741979177,103.68821744067375,120.89275592228411,67.48306570827555,463.9680152982545
2024-03-13,199.5071042863018,369.4261072228209,103.15058399573762,121.70064326638195,67.35023520406726,463.6600995502515
2024-03-14,196.35634043109746,364.00623803687324,100.07045417889073,120.83434946491595,67.03416978432473,459.14595852052344
2024-03-15,194.29952727115852,367.776937247823,98.81887896001098,119.95544827563643,66.3422049125698,458.2512468730542
2024-03-18,196.22016825345295,367.82368993415554,99.27354637376209,120.99593382742648,66.30428655567239,459.8739678830974
2024-03-19,199.81501554925794,368.1863485909652,101.15568528541185,122.18329961760108,67.08192544513176,465.2232991851558
2024-03-20,195.72452990503984,363.4518691859948,99.40993921874285,122.04025730017396,65.4796627049623,458.9379507768431
2024-03-21,200.2435681841467,363.2221513509189,101.78496385843643,121.63489449273531,65.78615041859867,461.8401219222316
2024-03-22,207.07555322800803,370.6464332982186,104.08905564478769,123.2829931644489,66.00931991178537,470.3325758892935
2024-03-25,207.6154338093341,371.24080049327205,106.05296023851096,125.35475196471937,65.56111071684164,472.65938535341587
2024-03-26,217.63574557973087,377.9227149820866,111.0468341846995,128.72652374025324,65.1040098428932,483.74246563319457
2024-03-27,212.5986483922098,372.32864852990315,108.69855065489195,129.22346854892618,65.69413698241637,479.8939758338006
2024-03-28,207.71443969719215,366.5600945409529,105.63436246140452,126.25078221275157,64.29715560523276,473.48969816320493
2024-03-29,200.62469443064433,359.2634026727545,101.37274881641567,124.60898004281779,64.06208430651803,463.03909529850864
2024-04-01,206.57638717321015,364.01216885273715,104.76529837598564,127.79724643837123,65.96238609114042,470.89845091201755
2024-04-02,209.32737554786263,365.7090424772121,106.52023781214864,127.2754657515036,65.3514424871566,475.9411168153217
2024-04-03,208.2261927855791,365.31942870982806,106.13455915050069,126.95465416127833,64.43017630716028,475.8740214218832
2024-04-04,209.41418491562325,366.0297806227781,106.68667776312768,127.31194395585713,66.75415540334494,478.249575541162
2024-04-05,204.0633894235886,361.3797996408135,103.60271030269392,124.2028796072837,67.46327146800613,473.19437652753663
2024-04-08,216.18381814912397,369.7719635486792,109.15486564284939,127.63417704192874,69.18534016825008,485.22785281018633
2024-04-09,217.9981768124224,374.3117777049075,109.58563675886656,128.6690472367907,69.51428050906019,487.029882141238
2024-04-10,219.80501641104456,375.33568415645965,110.17079700838285,128.50747530235552,69.05048672633626,487.4434555150307
2024-04-11,222.95241938245772,376.8527409822059,112.3565105362302,129.8768233518744,69.96560599229352,491.2542037318157
2024-04-12,225.23259464281858,380.5327582030719,114.06936267117548,130.8876258217296,69.69205894208405,496.3866313527141
2024-04-15,224.92917072891996,381.4346021041959,114.86351339204754,131.25795186200298,68.09219394598976,498.4600063742064
2024-04-16,220.38521503221517,371.3824270808914,112.50587553423085,129.41038047673666,66.424561051781,493.58157901441376
2024-04-17,223.6251037222866,374.9529214594397,114.20468957353914,130.78762083747392,66.77877433161935,496.40584086216006
2024-04-18,234.73329052912283,379.7421355763721,118.7648468729486,132.25145990533147,67.14263476068895,507.06365600473697
2024-04-19,240.7537009613013,389.78874239036384,122.18101247333419,134.4191423284216,68.04152421003937,516.8032383366642
2024-04-22,248.92002686183025,396.52302831670556,126.40222809635053,138.38834968019353,68.25553403560134,526.2187292188264
2024-04-23,246.16393100065608,397.4036815179657,125.48268339900449,137.146645282789,67.23459186873245,526.0443323156406
2024-04-24,241.157738417187,390.3623852977556,123.0931630416514,134.8761697099158,67.27693649322936,518.9795749739591
2024-04-25,239.79536654176204,390.21809988105434,123.01123154597873,135.41573514504847,67.40916209135334,518.3996707146848
2024-04-26,240.57125580698667,395.4863451470411,123.7650281114556,135.7000315434583,67.44972438006586,518.0074101123764
2024-04-29,246.10599326438202,399.80153482790644,126.58013550733556,138.2456015439129,68.99478135521043,523.9108438022148
2024-04-30,237.0920275186328,389.5689033858528,121.81094968282632,135.5749816901024,68.21284086954378,513.8254022982139
2024-05-01,245.88992779244316,399.62462641783486,126.27626890375333,135.7363405892721,70.59719052482289,521.9346798182416
2024-05-02,245.11358692713986,401.62643164649324,126.28757748296825,136.67355010705924,70.08259165166945,523.2400584333243
2024-05-03,242.4615746737623,397.5179305650229,124.98694836255953,138.06123742278382,69.40380382023513,522.6287728722123
2024-05-06,237.0473585236138,385.0252150461823,121.85584917916802,137.71851891254963,67.56548818688343,517.4596623236201
2024-05-07,228.48932708727807,375.267152124662,117.46471347880922,131.68412145983496,66.06172152444502,507.7081245755336
2024-05-08,232.438934723205,381.784617157144,120.25562452191983,133.44145107701408,67.45774941595167,511.7400299336676
2024-05-09,232.6546914049547,379.2847338386976,120.15613963321277,133.14428186590538,68.63798259311133,513.1896567490535
2024-05-10,227.58875399310307,373.56688987942056,116.5360674918913,130.1403891005311,68.5596150379579,506.43789898269023
2024-05-13,221.6985888661148,365.5012380240228,112.5360448236907,128.30619306710855,66.13371815893852,499.24575662392164
2024-05-14,219.8660750899786,357.09880693489777,110.49963566135825,127.69336550138807,66.82135095473471,498.1746006829027
2024-05-15,228.86793730739856,361.9992947880859,115.08807090381073,130.75442311431158,66.43963890121422,508.6516322487749
2024-05-16,227.3260893321677,363.50702924787896,114.70602590069151,130.44017386381324,67.02672191775436,507.19284289607106
2024-05-17,220.95496724410867,348.64340823204583,110.84039511942088,127.14231675941122,65.68934158101747,498.1189725883828
2024-05-20,220.1438583002681,348.6578532049064,109.32040725156624,126.28082074753557,66.1156385161611,495.4615434147782
2024-05-21,218.79241790006694,343.4976981844696,108.4827142636958,125.23957647086603,64.83604670821276,494.41955403006784
2024-05-22,206.50636599377412,334.74629983948086,100.8383343156846,119.8445836840034,63.99079956144934,482.4073149038711
2024-05-23,205.04936474638257,337.11248931045077,101.31930599991802,118.62210331218485,62.78987726110972,481.07886516283673
2024-05-24,203.16123967500644,335.73516999739445,100.3304202211128,118.1493935090628,62.12081916103953,481.2087471086419
2024-05-27,205.42262871659187,338.1196208870947,102.56967047385238,120.38593006436096,61.79682637323498,484.35801114646335
2024-05-28,214.22053195747435,343.045082879096,107.62411706473503,122.60995743636691,61.62461832051401,494.0073815318546
2024-05-29,221.2233343400793,343.14525245614476,110.14670994182278,123.6136884000479,62.43512472583324,501.40677167003474
2024-05-30,221.92148626516823,348.14631987955966,108.95202250132805,122.20948512612121,63.70796574699073,499.80332629444314
2024-05-31,217.1509518229864,340.6826219683883,106.31487087444242,120.67634305765492,65.14762794646315,494.171511054851
2024-06-03,230.44787886954126,357.19083630177624,112.63153595271297,125.5040400192393,67.00833388888694,508.8762976624056
2024-06-04,229.19122565069864,354.48717795647025,112.86778733112479,127.44853746863951,68.01287338277679,508.61279314450474
2024-06-05,228.84530985748054,356.5992828898295,112.70401626273966,127.76499588451918,68.2324583065967,509.8947897377953
2024-06-06,228.0863305737502,352.54631917127676,111.82376502455017,127.89063002644217,68.65685743117837,509.8644166621342
2024-06-07,228.6046814367189,355.42652608863716,111.32503025304717,127.72398151108412,68.51142037047111,509.5623573561006
2024-06-10,227.79508635099276,353.7897840415718,111.07953825340863,127.1939308986776,68.58733837461494,507.9028999841318
2024-06-11,224.5656789033549,350.3940236509716,109.34709512359578,126.93911611036808,68.65375734580886,501.3316158310558
2024-06-12,220.2009530581402,350.4151974153887,107.71396800457055,125.86700487547556,67.77628214704418,498.53960582396206
2024-06-13,220.7616843861887,348.7603529032604,107.97514178933763,125.70415412839137,67.69654342437792,499.99888454117746
2024-06-14,217.26283825263596,341.6399378352388,107.15008227323621,124.90752648311759,67.27460592244046,496.0029670747115
2024-06-17,214.12176955318978,341.5044147588668,105.2598191550138,123.36410022519263,67.4883604718068,492.9283889625854
2024-06-18,216.4606669202862,338.125592973748,105.40123690224732,123.48531056644454,66.6681480009121,494.15903022959526
2024-06-19,214.52840639686963,339.0123010429996,105.01456757846067,121.3684372371642,66.45764856145132,492.1034563178362
2024-06-20,219.68092918959823,348.78225168543173,108.23336900128436,124.07107181267892,69.1682285486909,502.2667247098113
2024-06-21,206.9567108984236,336.6976138072848,101.76066038031833,122.32025863040545,68.29300545377156,487.6239645080086
2024-06-24,213.02448483870597,345.421777309239,104.6999323044799,123.45275885409202,70.27199914836578,495.95871103027713
2024-06-25,220.7692953664698,352.5105821026975,108.17837575897876,125.65854930923823,71.22172380070987,501.1639696790074
2024-06-26,209.88384322286902,341.55357280098576,102.17481750240684,123.39628790311905,69.99446453118219,489.67516065764187
2024-06-27,208.7683458504669,345.18101583489005,101.04835041076542,124.06634359610617,70.64484742451722,487.82644524741545
2024-06-28,206.74034121724168,339.8223125016136,99.81685854644941,123.31920177614506,71.78465568523299,485.9502557189748
2024-07-01,200.35996652764183,332.9856213574083,96.60575873617279,119.74799844844928,69.02612013484786,479.38326339735517
2024-07-02,199.05792886077867,329.336521406284,95.05751086121899,118.90935606731371,67.34969486168997,479.09682829590196
2024-07-03,193.12366749293557,327.11559136593996,93.19813961506155,117.49489512209384,67.69674342153769,473.8979456799331
2024-07-04,201.05079415255028,338.03821505003435,96.97456472128357,119.69201236232203,68.71186770173955,483.36488041901225
2024-07-05,205.71620501213036,345.6921156369382,98.96768710541362,120.94115668527193,68.80748431664372,487.35625532696133
2024-07-08,212.58306017127666,351.96961476498973,102.52064476138624,122.93542327599907,68.63722051084261,492.327579866324
2024-07-09,216.16955187238506,354.1792886200359,104.44803334501205,124.34637585051772,68.68105435626316,497.7555578179467
2024-07-10,211.1419111046283,343.1226057493427,102.26108821288294,123.00947994067322,66.69508192862426,491.1433943029514
2024-07-11,208.44194625857972,336.58373658040654,101.1463425439561,122.08819363795287,68.11894743483005,491.3468833289007
2024-07-12,211.0105588768177,344.85726974874024,101.85416357299238,123.17009317557218,68.45727353134517,495.1522727861991
2024-07-15,205.14980991344456,333.6836756480302,98.41409330444317,121.18297470935315,67.55203655053738,489.0501733907419
2024-07-16,209.00188128667307,334.02617331818857,99.46384306199198,122.8086667585175,68.57309087284673,493.53054939002845
2024-07-17,207.65337248439667,337.1077252816591,99.20124389632504,121.93973885804148,69.24911818722364,492.8394119748336
2024-07-18,206.30508149457492,336.4535711220438,98.84396049923392,121.49517691158397,69.81943593508545,490.2025758104901
2024-07-19,209.63053538694612,342.7080799899394,101.33943241151216,121.13079842723846,71.30972157480255,492.2959932097628
2024-07-22,212.71907207615203,346.60064125289256,102.80478464223984,121.47782673032481,71.08130891722851,494.2781356090439
2024-07-23,211.04593985519145,350.44754177177236,102.45703116704681,121.48630950014784,70.55862973249873,492.45887691651944
2024-07-24,215.1088086713366,356.5901073937567,105.08227640907715,122.28498597869037,72.12353564498254,498.25825753528966
2024-07-25,211.12259755673082,354.52097129854343,101.94950886960378,120.48291353033898,70.8525889760646,491.0814931440855
2024-07-26,213.33483235302705,354.6881766632475,103.84865616293203,119.3136880792523,71.31399178674212,493.7758933796769
2024-07-29,215.6752085280328,359.51839210860953,105.53290629851786,119.00867905728015,72.12874295711643,498.3593696091459
2024-07-30,213.76389396165953,356.89659304698336,104.83565890083084,117.66347505789402,72.62448567071365,497.66656340555954
2024-07-31,216.55719410849693,356.8054567463931,105.8500013650973,118.23623808561754,71.26198170627308,499.83072982475835
2024-08-01,208.92467810803967,354.8441798650228,102.92255591478079,116.80749500567718,70.98864902721793,493.785921588601
2024-08-02,215.98002608972902,362.27036197672675,105.80237159452248,118.07604830009359,71.47355655465765,497.75910980938005
2024-08-05,216.06220495515427,367.8854095552111,105.94480788774499,117.5244917312353,71.98744971355669,496.02417979403145
2024-08-06,213.82576485067452,371.82650725498405,104.90757502418276,116.51134741691068,72.31400058961015,493.6815251451302
2024-08-07,218.88722633565848,380.2396711811663,107.96302552201779,118.60836099896622,74.62033089121272,498.4853594300566
2024-08-08,215.8028093282973,370.65303479212827,106.43300558305931,117.83408436836476,75.36463304568264,494.90948912672593
2024-08-09,209.65622245930737,371.4265921978988,102.76281606861505,115.63677048019544,75.55389548737054,486.04378087468467
2024-08-12,203.11512029273518,368.1175134838483,99.38125605941225,114.6158324915749,75.71980197392526,476.13977588576125
2024-08-13,206.38431628043003,368.0913585792084,100.25330298221698,117.10341216115786,76.49124861757632,480.30367661957916
2024-08-14,200.73482923371307,365.32242336564553,97.71415241735791,114.34137565768457,75.52000122441594,474.8117656495179
2024-08-15,208.61460891702782,369.3563278578861,101.37951498203455,117.21304514477669,77.77695156810384,483.59599325345124
2024-08-16,199.13595142373632,362.65508009864544,96.63725303221149,116.96008242019776,76.82825426622907,471.1347397162106
2024-08-19,206.68706285588556,365.3641863919546,100.27153346558165,119.60596416136032,77.90330906860191,477.83951498971186
2024-08-20,208.65524702420183,363.4506033560422,101.03656661748839,120.03625663401428,78.4865748080681,481.11489163471913
2024-08-21,208.76259547054795,365.81672409173876,100.81665265942473,119.88205850948627,78.38406604752481,480.88761080990975
2024-08-22,203.93932355780092,367.5736813320407,98.87928817398178,119.56297381881866,77.11471279687291,477.50892317823406
2024-08-23,206.3537701971867,370.7264320618436,100.02307617327024,120.81545208793034,78.72100585950012,479.3940656402828
2024-08-26,206.40600212256516,369.6412506060707,99.71580593805639,119.7159258756238,78.75642539910709,477.29778973969917
2024-08-27,211.57687998753684,366.76493553253226,102.76760513708541,121.29910145478357,81.76864991484781,484.0003530533342
2024-08-28,211.8572948744092,366.6472783778575,103.07352781631917,119.52685243512549,80.21200125306942,486.970085734832
2024-08-29,213.57845519383295,369.46828611981203,103.64129577465022,119.59080555119951,79.78545839632189,487.088995445331
2024-08-30,212.72254921933336,366.8315380645466,102.3629016237188,118.33675050197225,79.52825527037886,487.91598579824995
2024-09-02,211.87505519276414,366.65447665345164,101.99680209021632,118.57692629887408,80.64403436604105,487.64960626409595
2024-09-03,213.7392668421193,367.47843227805674,102.57156338684477,117.63051459602775,81.32421559649558,491.3239645264773
2024-09-04,205.05425664993197,358.9780562581784,98.8775978599558,114.87767997039919,80.2149740099013,482.6195266524856
2024-09-05,197.99076114807428,353.6310054058484,96.4724022988421,113.87679798447772,77.98881359078652,475.9697920155877
2024-09-06,200.8526984252211,355.9709300519885,97.87965960306475,114.35573664184143,77.46432930623523,482.06369661075485
2024-09-09,202.36792670899214,362.13395084502946,98.75077391485591,113.05677107083993,77.93053512670785,483.99568011326915
2024-09-10,202.36688495737613,353.4680065737219,97.44864290444056,113.04946616475503,76.46229722582537,483.5874026744654
2024-09-11,202.92488167219938,351.74083577024396,97.02553788014612,112.6272825110732,75.97527753157185,481.74103254293226
2024-09-12,205.14840277353113,350.2525595424983,97.45818253904375,112.97019779790985,76.74619887589112,482.1233169953246
2024-09-13,203.18276358104092,348.9136522892428,95.69496381389833,111.69142129092025,75.38494195369093,479.9154655824762
2024-09-16,199.26107185202537,346.08428164503096,93.34239806688647,112.27953748261616,76.32098160278176,477.54404139294013
2024-09-17,200.53491504615045,352.8232926225269,93.96496751380921,111.31451663051709,77.68066465990286,478.8837421865007
2024-09-18,196.90929234961715,355.8392962175526,91.7505522159325,112.32813025382099,75.39155238528666,473.2628631618206
2024-09-19,199.35819106242403,354.94287906888565,92.81574865439755,112.58511097651608,74.83603097035537,473.6018712745214
2024-09-20,192.92677004727037,347.90231140288836,89.4263801384195,110.51218398089159,71.43704033051647,464.1080622437374
2024-09-23,198.0016020439454,353.09047153026677,91.76236539501659,111.43477617557956,71.5057812974149,469.7217738208646
2024-09-24,200.4319743112145,352.3849312035777,93.07887671930096,111.59322188668244,72.56860214209904,471.43584019237164
2024-09-25,202.4920990897445,355.8912379045168,93.64237993904729,111.33078101500358,72.3928692422145,471.90938322935335
2024-09-26,207.0034511911208,359.40023239538937,95.3952983569029,113.15205878269532,73.57519405776773,477.17621032926434
2024-09-27,214.12420786117497,362.86660763518665,99.70876684334696,114.2702641141362,73.44524741501246,487.8048649794299
2024-09-30,218.9307953488545,366.4346540195815,101.90873028524182,115.98509962987801,74.98840905779163,494.24090203354496
2024-10-01,209.61356727862332,354.94762971732723,97.1956616677576,111.7427517959057,73.06097861690779,484.7601831958883
2024-10-02,203.26551721391303,353.38549833553446,94.24401641057304,110.30772152219303,72.11567344204927,478.3170074400039
2024-10-03,200.41515080039127,357.74420747127186,92.52422793682065,110.19435433638203,71.57431439089993,475.7782089600619
2024-10-04,199.96963979964593,358.9034620930464,92.44216886509751,109.2505387797906,70.46199113906971,475.96207381047543
2024-10-07,202.1004982332237,361.7093708709598,93.74433408237769,110.48949467390844,69.82735165217807,478.41701091191777
2024-10-08,197.4535980309584,359.2780622426588,92.30426508567123,109.61298241862514,70.16514293796263,475.54720943547846
2024-10-09,198.50459439466198,364.59890227760496,92.38673306090328,111.15570460662016,70.66741819220847,476.4533171160393
2024-10-10,195.26663110863868,365.7506010917048,90.58301125036597,109.51834256617887,71.06123715253315,471.3886252620733
2024-10-11,192.07511231858444,362.8008672797674,89.7082302315336,110.9828431613743,70.91094716295768,469.8994181796076
2024-10-14,186.7134937513287,357.78813779574125,86.96967760994012,107.31532050168371,70.01664643526996,460.859606268289
2024-10-15,183.66167716539013,356.34859129689875,85.8577600935725,105.92451589040125,67.85961988753456,457.9000557634546
2024-10-16,177.16197125447715,346.7199765278283,83.58649910867479,103.00269278245344,66.69266427365285,451.7773626566785
2024-10-17,172.89934840625014,347.07749511969035,82.09136952660975,103.21139662170384,66.00519193681949,446.10693346695984
2024-10-18,176.5123058474906,357.91402268809134,83.69781338379676,104.33805344901056,68.41154931185427,451.51657561559415
2024-10-21,172.24619501833243,358.22377512033853,82.12019281027904,103.07091877998936,68.33951759042374,446.52336701868114
2024-10-22,183.2705345002703,365.2465622990531,87.41297412050122,106.7025886663452,71.62598787193053,460.71097073127635
2024-10-23,185.2067263103087,360.28658633469126,88.25869663506309,107.35216423899725,72.55121177610158,464.2153402444229
2024-10-24,185.83401967674985,363.85734043147295,88.73225884331457,107.15666984157845,72.05043934249854,465.8103393469899
2024-10-25,180.9486328413219,357.50201744054704,87.31479837771009,105.14533023537066,71.52560140070666,462.3461130145852
2024-10-28,184.30441928541723,361.7355260669477,88.98803865607739,106.17743375919905,72.2748587922338,465.9815531540282
2024-10-29,181.13470185039375,365.0509011389841,87.47880793961265,105.77151605829036,71.00514736497085,465.0273422589069
2024-10-30,181.7272514098216,363.30902394645614,88.03068071501525,106.48367407345822,70.76084217465751,467.102769115562
2024-10-31,192.62837221697896,373.39158980309753,93.3131252707558,111.31217679115944,72.4936063444618,480.1667406770256
2024-11-01,193.31425697534647,374.17315299765875,93.21012287334953,109.48840113599036,73.91710735184763,480.70056814440613
2024-11-04,197.35277954243796,374.5677167727147,95.68744489469321,110.96381008936093,72.87473993321225,487.81278537653725
2024-11-05,192.05693566211107,368.7214074428841,94.04228380713175,111.02032256158498,73.46525387465974,483.918034658738
2024-11-06,192.1085871579716,368.8186383606236,94.29335022783607,110.90387844113717,72.58415609529568,483.5294758206697
2024-11-07,201.30065336467717,375.7683250623039,97.93138332540009,111.39376270424637,72.67338947792305,494.61495459654935
2024-11-08,199.55426687547487,375.42307035805914,97.30755067435193,109.57572799568521,73.29643140231211,491.35092714787214
2024-11-11,207.98694668049657,394.8119226004474,100.8284722680796,112.24766580115711,75.39778192552487,501.7669049276171
2024-11-12,210.93943265795153,398.75983609490333,102.30282237801387,113.4604215435514,77.18090284677938,507.4848167822927
2024-11-13,209.0527545723419,392.8654181802629,101.13142164825058,113.2834655897185,77.52223837808276,507.40106568400176
2024-11-14,211.26405992153747,401.78897208030725,102.93990541646092,113.52509506238825,80.10494999619493,510.53285111450316
2024-11-15,216.3509240868775,400.1715416704379,105.32413560509735,115.08534208563252,81.5054988873851,515.9753991235694
2024-11-18,219.8668072774201,397.6910631526119,106.89040736284556,115.17961329779267,81.88441443438859,519.8024241687834
2024-11-19,213.29167623609712,388.06551692903923,103.18870865624386,113.29865551255162,80.91848104487897,511.1417791832273
2024-11-20,212.24068719266168,383.74779415579474,101.35174143352869,112.39948096645804,81.5926646184474,507.65369089953856
2024-11-21,211.4722252599748,380.3700611203205,101.37965365737271,111.43947241899458,80.59619999561109,505.8819680920643
2024-11-22,210.76721680383292,380.0719927477969,101.58664515539762,112.62621923479068,79.88415188365094,504.19976299777244
2024-11-25,213.7388106655817,384.1562800437548,103.50060431664267,112.10233931062263,80.09999204041384,509.8596778171617
2024-11-26,213.16010219649638,389.35424811418915,103.54090622008867,112.25339664865207,78.15217477777131,511.74493756725457
2024-11-27,206.432958863593,383.6737044513339,100.30563531928522,109.85249086131327,77.21906502949382,503.94186257410934
2024-11-28,207.9138046357927,383.4005162454712,101.11175674463752,111.84369490491626,75.70913084351832,506.7393979900979
2024-11-29,210.38389916973057,390.40040791848503,102.17783597810184,113.17116416419024,76.25397903538948,512.4620419476487
2024-12-02,213.21145928485035,389.9500705213668,103.72778112395505,113.42250108125754,77.55457574966033,514.9076960624192
2024-12-03,217.7522271728593,388.7128928992782,106.2066135444453,114.68261503789674,77.97176119775976,521.5276995021276
2024-12-04,222.87595271571473,397.64706993877587,108.65635026544435,117.41337011059709,80.34885969892888,524.8952635525801
2024-12-05,225.23221109862757,404.6938509033539,109.37857612626557,117.28307736268174,79.26798732821045,527.6094575978781
2024-12-06,224.94546452265425,401.2804701653894,110.0212234309058,115.73727854870113,80.42382605167961,528.1160399112292
2024-12-09,216.59024340993633,391.9215856555189,105.39911817745198,113.75034647751329,79.73432015787806,517.3814611874368
2024-12-10,218.8701788024527,390.4630578801241,106.60465857643449,114.61888792363635,78.38383685138052,519.8061271814237
2024-12-11,220.66923206139333,392.91138039023815,107.51782251758014,115.48337849566755,81.30439705364778,522.1222135893709
2024-12-12,221.31684232587386,401.37534755355466,107.97973675799352,116.44799264917347,81.48059461387727,524.5701360147353
2024-12-13,214.64228519432234,398.2682262939522,105.16453248196618,116.2016668109814,79.52902834067646,516.0460573082776
2024-12-16,209.36790493499993,397.45932502561345,101.9979599085795,113.34315950845198,77.26336417675832,510.51935352716424
2024-12-17,213.2549679368786,406.0694935512869,105.24829917658373,113.80636979242877,77.9092721311917,517.3300609080471
2024-12-18,212.4485162841142,406.0511098288318,105.18303262336062,114.32630030012264,77.76300874929508,517.408672626287
2024-12-19,215.351881947086,414.10646638721425,106.65520529082295,114.36930038722623,78.42963898764448,522.7854668791683
2024-12-20,216.3010899772988,417.57849476423957,106.61950584616066,113.2442419660739,78.16913428921804,522.4357117486942
2024-12-23,216.73777976846583,424.07140786815455,107.08772732770011,114.84552111087348,78.83326904702696,523.2747651416898
2024-12-24,221.54040640229837,427.0672120735894,109.25533865821252,114.81291682533163,79.22920712479623,527.52885519984
2024-12-25,219.823277795492,417.16860606098976,107.61296733233235,113.85495158531889,76.91107701155121,522.8188419794033
2024-12-26,220.24420015609235,422.2968780278706,107.78542093171153,113.96570730096552,76.85385160730407,524.4785072665592
2024-12-27,218.40120059383622,421.63461481692934,106.1086991978673,114.4461923617155,74.23986843597746,522.0087293618145
2024-12-30,216.28569579240985,418.357080054763,105.85933729245006,112.36708494666632,74.24682878921266,519.1436492718556
2024-12-31,215.09997676233132,415.9674087217364,104.8618481605104,112.32094565863127,73.10797324752866,516.3097067881239
2025-01-01,215.73636717483743,428.2435186737189,105.81409732696983,111.92676853028209,73.43929402448316,518.7248457912274
2025-01-02,211.4797724698206,423.19607880932233,104.73920152714936,111.8269196036331,74.30920136950289,514.4128913389872
2025-01-03,217.41365425716657,426.1058246460712,107.48495850601792,112.79369980278295,74.39989578096996,522.9563170811048
2025-01-06,214.40590201504304,422.0948085276965,105.25314045206493,112.90436445325427,74.71674938238132,518.5137425079042
2025-01-07,214.36829645597896,426.418317899827,105.1625922954855,111.95591560518305,74.17466042746621,515.9244681251388
2025-01-08,213.16371136367957,434.3009479883569,104.0157083692638,109.44703025691724,75.50182814680342,513.7450371012017
2025-01-09,221.26996887506954,445.07973068878346,108.21893961211907,110.73749893783369,76.30561677342813,525.3458163188544
2025-01-10,222.38673604181918,440.5956525325266,109.22306578589122,110.8159976971434,75.66447322498516,528.0849755059386
2025-01-13,227.79057864464477,455.3246930404496,112.39317917878796,113.08528691363198,77.16020150350545,533.3344525484006
2025-01-14,219.9340144636616,447.3682190566289,108.31992378137504,110.14004102629424,75.56946150992873,525.6736233953942
2025-01-15,221.0371698986046,445.19152185464395,108.53979745973452,109.53704222075818,74.98860845597792,525.7305861881719
2025-01-16,226.0672464015777,445.25847786615924,110.5954912177029,111.49427173882016,75.24120157732625,529.4735230216912
2025-01-17,227.6315391996818,449.70051046835187,110.9320521387139,110.5327795778382,75.27402961832233,530.0585743811112
2025-01-20,233.02730656082286,456.80366901363186,114.0628677542962,111.82156975320703,77.42748406736315,537.1946288914414
2025-01-21,230.0313070076122,455.76394037836184,111.6717516185612,111.04074676723472,75.16192946965315,535.292914439477
2025-01-22,237.41975584994486,469.8610167848508,115.4929789507814,113.11625517290463,76.30601786427124,544.902293958913
2025-01-23,250.52623993078564,479.3121023733703,122.07718366510232,115.64307799184003,78.78549003810578,559.7510523926769
2025-01-24,247.18414905420346,484.1115341244279,120.92058083198086,114.41145408528658,78.69198951739958,555.6773646597786
2025-01-27,242.62245229942124,479.1961651290368,120.3354862827871,114.11377093142093,79.64743889865936,553.0616833510468
2025-01-28,250.11608244501133,498.71071745440446,124.8097377104433,115.37902507254341,80.7972854513897,563.4464923539394
2025-01-29,257.88203702290286,511.59841133846487,130.32666819055456,116.44333812495276,81.95718550045483,574.1476984323929
2025-01-30,254.4768241983704,503.8735373187717,128.63642028852587,116.78201611564778,82.13689575708283,571.2692173404442
2025-01-31,252.0476595460593,491.3245482836053,127.89950755164219,116.64162134473423,81.89292065846715,569.2396755264504
2025-02-03,250.10848558250495,493.9209643770189,127.96154160287878,117.77189413270577,81.26263071434771,568.0648332010618
2025-02-04,244.2258340171276,484.3635825870531,124.66714187288396,116.59766149412708,80.66948855914075,557.4006712216049
2025-02-05,239.68030378857503,478.491936508296,121.45022693088706,114.31798395482953,79.25653751861118,553.395751510801
2025-02-06,234.74900507371538,476.65350333364864,118.49580340765023,113.07436876414226,77.83975581234426,547.3371960855208
2025-02-07,231.42230951237448,477.35759821102386,116.21812055298564,111.26383936948109,76.71727175978205,543.7634874083866
2025-02-10,230.28165197072275,483.3428431952122,116.39291272723075,109.93275730424149,78.02414548253056,540.924918283466
2025-02-11,232.50746232378927,479.15548584454746,117.41143415176991,109.91262383247629,75.10386563577018,544.5502675673279
2025-02-12,240.65628262938384,495.5171678022791,121.4092393331822,112.77268296775937,76.71971520730118,552.7178882634487
2025-02-13,236.0794546628761,486.93963756253584,118.63314090462812,111.69694877923286,75.97032024438633,549.9789676370185
2025-02-14,240.35485135406884,481.76662204809696,120.43389553991383,111.91045658324931,75.14950458488674,558.854059756765
2025-02-17,237.83038208696647,475.0086223723744,120.58773678031301,111.2694330890405,75.28733060860145,556.0630985780971
2025-02-18,238.41335145944834,475.9854060540804,120.21686681441386,111.11900307397711,75.7134822005114,556.9760030966769
2025-02-19,242.44965571876938,475.3149507510815,122.21655461707032,110.68624776303434,76.82887448763792,560.0571257534048
2025-02-20,235.7163852436953,468.72402868394647,118.88051051056016,109.81485252531438,73.44269726052222,552.5406846928635
2025-02-21,236.98824892857766,472.71090836552315,120.57698277003824,110.16067518912223,75.03145087679424,554.3033834071232
2025-02-24,239.0005095903928,472.9890234085605,119.64189398443673,109.30751548868007,74.47440371973073,556.0780067255814
2025-02-25,240.57431599847334,473.6160978197606,121.0700329979854,108.83622264594224,75.52071018743577,559.7176764459897
2025-02-26,243.77577480770378,469.46102342287475,121.88006571178028,110.10682650191508,76.47251277723709,560.1857964244126
2025-02-27,256.6035027400294,483.84393804976594,128.97328267364173,113.07503390642927,77.59861415451468,576.376078118532
2025-02-28,253.71483248017466,470.3720664807034,128.00047932906477,113.21920570160258,77.74276273794699,572.2599383476214
2025-03-03,250.49671780227274,464.32924847936334,125.95816636436913,113.81927484532744,76.94931851885715,566.775770431855
2025-03-04,247.72269276996064,456.73197525090507,124.5480510407568,113.84645785131805,74.4860717752893,562.5274864549721
2025-03-05,244.24000740636566,452.7837556272904,123.135081599004,112.69601233237006,75.16898722391441,561.3726431428431
2025-03-06,240.73051780263646,448.546610693781,121.96758773656303,109.88456840741215,73.95427971320558,557.1194549790654
2025-03-07,247.28950359542623,459.66783534869523,125.13474311816422,111.72342859793751,74.08135348967402,562.3580543289411
2025-03-10,254.28786678072373,475.3829159738864,129.05498694218994,115.37221874203145,74.81351518912447,572.5101073246185
2025-03-11,251.90127307398396,466.9961869425547,127.94406111903051,114.5956948365581,74.63749307087924,567.91621965726
2025-03-12,246.8678185014341,472.0159053640719,125.70140545201383,111.88745580904622,73.95061815097041,563.1791634576389
2025-03-13,249.3204083907727,471.15476436886075,126.31997585137981,111.99802207093865,74.84196247463447,566.0994814382559
2025-03-14,245.39687061998384,469.06106754699726,124.42477413196623,111.14989551353558,73.17373092584921,565.0865613724955
2025-03-17,246.44635410025555,475.3116166695938,126.54548699149899,111.13386525538155,72.97974403393772,569.033216639804
2025-03-18,247.45209919254532,488.67854868449496,127.63979914033202,109.39318095941931,73.03737529412635,569.039269999825
2025-03-19,241.6279796861451,477.4196646759467,122.81196091099754,107.39927071911596,73.65070605203462,559.1822852173125
2025-03-20,250.92986717771245,477.7849456133165,125.8758437475327,108.79816187517513,74.74990797544592,567.4580130934894
2025-03-21,261.20141142108776,495.88489177624245,131.67724109165087,112.59334206035884,77.22390198296928,578.7685130988076
2025-03-24,257.4871745104473,488.3006730674177,129.1433206850671,111.88964379377026,76.78128937503558,577.3566415170538
2025-03-25,255.38470728654946,484.45455579242247,126.90790716477628,111.78323990860576,76.01669536820022,576.7057456219408
2025-03-26,257.648589178776,480.8350395498108,126.28358865467955,112.0955316928557,76.01668271619023,581.4006075541915
2025-03-27,258.4457860931546,481.2221797144805,127.76073679974857,112.64579650586504,76.13047354319465,584.3879628776323
2025-03-28,263.4920246820445,481.12719091985,129.87571074393537,112.21519276197867,77.2526020241626,589.0533557432599
2025-03-31,276.38575508874027,496.51495843221636,136.12230256560812,114.09168176553918,80.28092011498563,601.1501089590223
2025-04-01,276.17149020691556,496.08101533273526,136.385460256663,114.77823960397512,80.51001460361081,600.5473700401086
2025-04-02,271.8763938016096,488.16106022911254,134.22330339347684,113.89939705978722,81.06285795452287,595.2997263230054
2025-04-03,263.7813876766873,485.2288624898701,130.8278987447384,111.76210327555201,78.94965497792573,587.5206295662067
2025-04-04,260.30821515190223,482.4402142621166,127.85815024048173,111.21612757128003,77.95269429554067,581.5194542685606
2025-04-07,260.8082959579033,473.48246152428186,127.77204580180536,111.607090389857,77.22648802882958,581.5766775852264
2025-04-08,271.11802935571853,488.5676761861233,132.45345937278424,115.67995673849629,79.00757269490319,591.3389835172137
2025-04-09,267.5001480828516,486.66014619924977,130.7444866972166,115.1380146574138,78.23836374327533,588.6147260406528
2025-04-10,269.0268575772593,495.1362281165405,131.3360559871616,114.59415998836059,79.15920190492642,591.1772164783042
2025-04-11,270.6635764111659,495.8767081055474,131.66696591187122,114.5064141628571,78.23066210068404,589.1175650561473
2025-04-14,276.63415955856243,499.194558578155,135.49146726606386,116.66881828298891,79.25898119544897,595.3177638286902
2025-04-15,291.0030377568764,513.7482571080544,144.27576823539027,121.10936735169595,82.09318589143089,610.6152410311796
2025-04-16,287.872408156516,514.8924786016797,142.93180434275888,118.99067404195847,79.5477547782157,607.0077941965144
2025-04-17,284.9095415347615,508.0936679199369,142.61160221645315,118.55004863559327,81.3070752680535,602.0407631568037
2025-04-18,291.88485916800505,512.4351838985857,146.03005195672782,119.28386311562964,81.91369619250722,611.1398399551599
2025-04-21,296.7179890570949,515.712845727576,147.85982630341618,119.79303884582492,80.42320854495094,616.5849835634627
2025-04-22,308.9639727831069,521.3891069552286,154.67972981465255,123.22176294552114,82.16010963913443,630.375613367547
2025-04-23,314.9413074682528,521.2642129003984,156.3460953800768,124.77761116556609,82.70790512512623,632.410371133718
2025-04-24,310.5719395312582,520.1532142958944,156.03369149595548,123.67516482589109,82.32567694043757,631.9595916607483
2025-04-25,313.74570356158534,530.5354859200395,158.08617614109642,124.43447427971545,83.89018370127549,637.2537075952692
2025-04-28,321.5369907342489,539.6252714846783,161.95214021470116,125.62655994735489,85.68219625041537,644.3472045884549
2025-04-29,325.437186025768,544.9562444995288,164.84813347764722,129.55460072856226,86.75573439256792,648.1894956794341
2025-04-30,329.00056324049194,543.9090217549854,167.39366655457056,130.63076448090763,87.7255284391642,651.9499011866384
2025-05-01,339.208942421573,557.3411835112781,171.61190660344005,131.52908388239192,88.60083121779888,659.2213568548921
2025-05-02,348.27103068910543,567.9751612527231,176.00484291940293,134.67343907174032,91.73533088529143,667.3932845409669
2025-05-05,359.56660540181315,573.6046528907322,183.2010870433926,138.2761612091964,91.35344307732588,676.8309914660863
2025-05-06,363.09087000158394,583.6560017420876,185.41718329265646,141.1877846389015,92.14824082454106,683.04991627942
2025-05-07,360.98351944386366,586.0617252356981,184.7592081639665,143.07926528025268,92.07695829249477,678.0389301494487
2025-05-08,361.74176848344973,582.510187887052,185.96288483552593,144.09756037699236,93.18429657362584,681.5679841509947
2025-05-09,371.2167505742398,590.6680305750677,190.09490442580912,145.84196187166387,93.37397317370466,692.5184406063522
2025-05-12,366.5090861782177,582.2215968742042,186.8745310142295,144.26487026956883,90.57733600161116,686.8533913130875
2025-05-13,370.45393961898367,600.9430466446194,187.72529908150636,144.62969740681118,91.11920171925115,689.6743233570814
2025-05-14,365.74371339174337,601.6105901992854,186.6782636177356,143.5772990357483,91.08321398317403,688.5970929818452
2025-05-15,366.450676335652,603.2230485424552,186.09518482507156,144.95136505054643,92.8561631677908,688.988804350906
2025-05-16,377.8642046519887,615.7849947408408,192.43565985616576,147.20206552286527,92.61406713046962,698.6029298628066
2025-05-19,381.30335886138755,626.1901327469426,194.265282835422,148.60941345878797,94.17686793382406,702.1228505369473
2025-05-20,384.2066934722189,626.2789796046175,195.23892465446113,149.45585968689787,97.09952000698176,706.0499344325123
2025-05-21,371.4094186713878,612.7009177360818,189.29286591735138,145.94793994006758,95.29212528543022,694.2306994221984
2025-05-22,376.5295579373158,623.8239659193961,192.5340636611253,145.47320945805615,94.49397591887309,700.8969727291766
2025-05-23,380.1967323394411,627.837737794437,195.07862866950725,145.328749224027,94.65638270395385,704.4357937934811
2025-05-26,398.66320116894286,637.6839103571734,206.68128449657164,148.68200041721408,96.84325786169875,722.558372570058
2025-05-27,396.80436237199,627.4794851682511,204.6254156628152,148.3230030566354,97.23806368531231,719.0900252344301
2025-05-28,400.42395401115357,639.2728738153445,204.84501988548183,148.05495976081508,96.74797226854645,723.0560868742868
2025-05-29,402.65575264909774,642.3288633060747,206.6935776757474,149.28509758540162,98.94002440155771,725.1403558078117
2025-05-30,416.616076951194,650.9956440767947,213.9066992469927,151.56347211664848,99.18494717116853,738.2346941526275
2025-06-02,416.11782813591884,648.9822394321559,212.62354587525604,151.71232569078316,96.94525961744414,740.4292012867725
2025-06-03,417.46066622379305,656.8160615161314,212.7882904648227,152.38315080895822,98.61156902047969,741.748232523901
2025-06-04,426.7717226455213,659.9478227385192,215.49357784316592,155.45258149883554,96.43787823544713,748.1641247634035
2025-06-05,425.97150562862987,652.0326755542227,216.42950806600138,154.74734023309736,96.39016803993326,748.8993211494596
2025-06-06,422.2128660001872,650.9757011090214,214.42564304512015,156.4380657724135,99.81534878789955,747.4814022172524
2025-06-09,427.5711937375591,660.8501937886062,216.33838059786376,156.16963739655012,100.01636591675012,752.3704911210334
2025-06-10,438.0381349306837,677.5459434059009,222.46930648178468,156.69106200650015,99.73159804921782,761.1695757412683
2025-06-11,427.98386439310207,665.7255098192336,216.99991327897942,154.59648619580517,98.61410517933128,749.1240401739396
2025-06-12,428.78201008349953,675.7451556157714,217.55913576198594,158.5344484787514,98.70146953513527,749.3231229070793
2025-06-13,422.00329493128265,671.8231719292505,214.49389232805538,158.2827946804411,98.19806280977572,747.8900042498209
2025-06-16,435.842880485113,690.5021411371449,221.90669741537124,161.27926485591567,100.27783638376319,757.0914385314038
2025-06-17,417.82372009251566,682.2325775229571,214.20355207178636,159.34645925390788,97.42596473438671,747.6805988896092
2025-06-18,415.3072175528929,667.5446063905841,211.01886796039108,157.4619515470109,98.96400270044816,742.3153303883018
2025-06-19,416.58819382782264,682.8933305808762,212.0782572879372,158.57995781580993,99.67610635830493,744.6168604286955
2025-06-20,431.00783299832904,696.5368304200957,218.81621365730348,161.59282229377686,102.26391534047212,759.2155810264344
2025-06-23,429.7888713978692,700.3834445628946,219.1477938159516,163.6256155947461,101.40003352295383,760.0548684053952
2025-06-24,425.6464138583002,686.5740730255155,216.8661382242741,162.46852413772191,102.48362691371224,757.1164224630596
2025-06-25,441.15382574682116,706.2039407505921,227.37239572575393,165.72057746824603,104.18617640965687,773.3089987113174
2025-06-26,428.11293425932257,702.1465680949447,219.63435926067413,161.5850878179249,103.00305346069638,763.0638251451627
2025-06-27,411.11452963890576,697.7205713835069,209.77244932420203,157.63125422205076,99.50558770505852,746.6056159150148
2025-06-30,413.05701142049037,711.790636991262,211.5942148461037,158.8307580470782,98.7244211808486,752.4533914149577
2025-07-01,408.91504709645824,711.8131684174564,209.98980033826936,156.57058719802646,99.0823744556455,747.4947626674294
2025-07-02,398.83303286008044,692.4669906148429,204.98461065739153,155.2340536622198,97.500244152747,741.0800044871286
2025-07-03,405.96655125048795,699.6321170002491,207.97556170906972,156.84574049942637,97.18111798000332,746.2895769015349
2025-07-04,408.3317681249814,697.7713600905345,209.7600137859668,158.49208035702185,96.65281604687164,748.298503002386
2025-07-07,402.35967859737633,695.012921966361,207.38481403074303,158.857835893797,96.95382032509858,743.6044718993793
2025-07-08,391.96196416738985,676.27306875863,201.53849545554834,156.6142333396154,94.92588703558003,731.755440358451
2025-07-09,402.6118489460639,682.2399002635389,205.87555972591588,157.10616545059025,95.66330551870566,736.2206585482844
2025-07-10,408.2897027160124,684.2824993042232,209.09507827296622,157.4182360601212,96.34515706256991,743.839098528253
2025-07-11,408.68079031605043,679.9605219756932,210.77427811150446,159.28160963506494,93.9539172774058,742.1053806553675
2025-07-14,423.75477688025074,691.7301964328379,221.37157849272725,163.0402209163145,94.02588394965308,757.2187360281355
2025-07-15,412.3796371665772,682.2384103410678,216.54065123904726,163.06523624324342,93.39390820105854,747.3374253810243
2025-07-16,399.5173380188082,672.0808496466915,208.99936965675514,160.76307582644122,91.08284800778424,734.6637491483095
2025-07-17,395.8632740781976,650.0697209693661,206.52815937244344,160.36015502446256,91.65871715045823,728.4847117036293
2025-07-18,396.1448536902521,634.4721328642149,206.81042895427072,161.40212844087415,92.75540511598429,730.472250229784
2025-07-21,397.92704670974433,634.4167870347333,208.08402723276166,160.49131624139386,93.85362145168484,731.7197834138213
2025-07-22,395.9272156240388,631.5806494771603,206.68507702735965,160.4292068770801,95.81112638541676,732.8491558983266
2025-07-23,397.1984369282321,635.7552470681142,208.4003873399227,159.7134898062252,96.07573473054848,737.8548243877491
2025-07-24,387.3594610287116,621.9103279010028,199.66514299458848,157.08221801149494,95.62712925870721,727.1861484327361
2025-07-25,401.5007603382247,633.1348814943037,206.85706939749932,160.57112739178822,96.37438986731357,739.6791795688287
2025-07-28,400.1834238252944,633.5976056225218,206.08189188372583,159.277245208858,99.33897117881722,740.1290105053656
2025-07-29,409.60649990425026,637.6624343154764,213.09928834522583,162.09226312657998,103.06860618839563,751.0137742299502
2025-07-30,413.3008187757602,647.2087770513833,214.91132954694083,161.0480892108989,103.4673939348065,755.7268133167285
2025-07-31,416.9286588521318,652.226897977814,216.2188210844278,163.30206565964255,104.48496899704419,760.1365201487355
2025-08-01,422.26175746879414,660.6589933068054,219.17050598838327,163.6662588048241,106.94405657502978,763.5620338586475
2025-08-04,430.1645739849519,664.977220295439,220.58973056598188,163.36735844945235,107.25934675962624,768.7272414506289
2025-08-05,436.06203257514846,684.9240484905401,224.48412789588025,162.96660071992386,107.10198208871925,774.0661884420232
2025-08-06,448.6319479977074,700.4947446398729,232.017529211992,164.90659839253445,109.81673502323775,780.8764666912933
2025-08-07,449.5885660173145,698.9772543595263,234.1071512821311,163.07983240291298,110.16664952320997,783.535210685667
2025-08-08,458.2113564806058,711.1792275639964,237.34353659577343,163.85005214310127,111.25585505753767,788.6705910330892
2025-08-11,457.11913291294746,698.9796790516153,236.93413742038047,165.0192958509235,110.00140000912377,787.3471415807398
2025-08-12,470.9153030312314,712.3615077669309,243.81844586756898,167.6740402383185,109.27956469530616,800.2752734752631
2025-08-13,466.46935656946107,709.1947707922766,240.71308343793208,164.97566546664672,108.8529236543627,791.8086329964104
2025-08-14,488.38205847062426,725.9990613497791,251.83273108269285,168.85110286231517,112.20550863928584,808.2703177855035
2025-08-15,486.94876724241095,723.5015517659,252.18573541406596,168.98249508328166,111.85489778512954,807.6143728232859
2025-08-18,468.4130542726985,704.1808926333276,243.83705119034695,168.54304237170456,112.2372053527146,793.6401058107176
2025-08-19,471.76883525185735,699.9290916877272,245.07120820312036,169.80655913114225,111.40710394772495,795.1232271638136
2025-08-20,463.58429046888347,695.2418766720949,242.84790871706585,168.85730864875563,109.17026254004904,786.4284972220255
2025-08-21,473.9452606064209,694.6958243427731,247.50336907702217,171.7061852062845,110.05205227929982,794.1841338934937
2025-08-22,463.6602872516376,702.0903719366872,243.90802447839172,170.26385419637418,109.20849742257978,789.5824935491479
2025-08-25,460.8564825340817,680.1200695898968,240.29763389368452,169.3187841214166,109.78167051910177,786.5086770772199
2025-08-26,439.95706943444384,662.9447228084498,228.9851587234593,167.60392254929147,106.60899366792307,771.8810349011925
2025-08-27,436.9581659742168,660.3746840345842,226.69423758426595,164.8007750277101,107.9752292668442,770.3158419210693
2025-08-28,414.2200294366764,645.0030730070812,215.08716754924274,161.2984519228657,107.951637610378,750.0624905265439
2025-08-29,398.5322242693576,627.2382067974258,206.98710245322184,158.2159450071934,106.14896240815332,739.1155848666485
2025-09-01,404.7975278353456,640.6206960710148,210.59787886877655,159.35436324362644,108.71231016365759,745.472585002512
2025-09-02,413.1709968520485,637.874436988632,214.24583281556446,160.2474946445073,108.1663233203486,751.0547163673871
2025-09-03,417.4005079766584,637.7401003868822,215.98563481621684,161.27734060285636,110.14948852644969,754.1902885947878
2025-09-04,409.60863461952715,634.6342607922652,211.40690372939466,159.43251401938227,110.51574965891567,746.8752796596885
2025-09-05,412.50925696696436,641.2927399755833,209.89011583078266,158.90910365160676,111.68950549538773,748.5681836841658
2025-09-08,410.0708061611192,632.4459625617311,211.06572897921208,158.14212575305436,111.67938246151519,748.7998913040053
2025-09-09,402.3449584286348,640.9809539676284,204.8228159101353,153.90326438103455,106.31028514826889,738.40221151538
2025-09-10,416.30651663736495,647.0218569991773,212.96046302954994,155.89495488967052,107.12987799618845,753.4905452829863
2025-09-11,423.12919331707684,645.4936285989398,216.32981423223248,156.98465709827994,107.27596265205851,758.6434781695988
2025-09-12,418.9892744995585,647.3602384694611,215.86395142880392,156.7857885777966,105.7289182621653,755.9161966001794
2025-09-15,419.06121145588764,645.5582206631299,216.67171331437086,159.10864632878182,105.93732877508427,757.9261864223603
2025-09-16,422.67322704654345,644.1988154136642,218.15516965020547,158.83782614557398,105.62161472154911,762.9692868360069
2025-09-17,403.86657455057696,632.6689297489108,207.02573172835986,153.94506106108022,102.34251563012204,747.0011058866223
2025-09-18,404.1868312910484,621.3368077819798,206.08605329378852,152.74770194921396,100.73644858415449,745.6394950203047
2025-09-19,395.96757874297697,605.9473033031645,201.8206331418895,151.72580113517012,99.13717492141815,739.8077492209994
2025-09-22,387.3646315456946,595.3235304635197,196.92363349969676,150.61233471098325,99.52431361297167,732.8156914745766
2025-09-23,383.18057157315127,600.113913865919,196.51873822553677,150.94002191212076,98.42166990257363,731.0069764261282
2025-09-24,399.4845008401654,610.0441159482169,205.82248475828484,155.14987474634898,99.64437804662901,744.6765392592908
2025-09-25,406.7594938454158,625.1131175183365,209.04166603831408,157.46728267158028,99.74808026642447,749.7103714349522
2025-09-26,401.09624064674165,628.735931924224,205.4344195001987,156.13280225794094,99.5969785527751,743.7917291743885
2025-09-29,402.20578464866355,635.1780319559182,208.8657186714853,159.57673796251635,100.78657675772469,748.7987332899531
2025-09-30,415.3571977669488,648.4713589071382,215.98668004572377,161.8721092387271,98.41744778167347,761.0180828716965
2025-10-01,424.83954081164995,657.8883670010824,218.67727234820032,163.82612996656164,100.67579133981732,771.9444403720503
2025-10-02,426.2178954038214,659.7151972103798,219.76884085896907,165.52105518889587,102.59938513795548,771.6813529656562
2025-10-03,422.32766820192245,652.4510699185366,216.4565570157317,164.97164588169892,100.58084344045128,766.1328193023865
2025-10-06,427.254725989594,656.5629291083449,221.2486698787038,163.7233554907219,100.09100485125039,774.533895149098
2025-10-07,432.3002339028542,652.818560776688,222.34900669539383,164.5377717047603,99.9456429283982,781.3532866815273
2025-10-08,443.1995596805351,645.4947947370945,224.14909594928562,167.36998005251832,99.93599031014324,790.2455011308991
2025-10-09,446.4951649831784,658.0724263220213,227.8782859516625,167.0549014271748,100.89871478494794,795.6368615036022
2025-10-10,457.74534570384395,667.7846361627513,233.96968158381148,170.1051190057067,99.54143143185063,804.3466476608335
2025-10-13,451.58398969879886,663.829141833529,229.43324640167612,169.54972360649205,97.61294364822082,796.560552488648
2025-10-14,464.987450620104,677.4590327140278,235.79830540289277,173.73484788096218,100.9202259925836,806.842022287967
2025-10-15,467.82279715866423,673.6638741153504,239.74208060799424,173.32219303434832,99.96240505539893,809.0722019361838
2025-10-16,489.09919342351566,683.9838391023291,251.5758288310038,178.95943189884585,103.77904299939803,827.8049449926339
2025-10-17,480.5440863941579,676.6768570675339,248.32722747642015,177.75501796959762,103.51600679854747,822.9591343595406
2025-10-20,499.6549162752761,700.9333992205874,258.1197617620738,183.81632853837542,103.03453167096467,838.8328440370682
2025-10-21,499.86814805751686,694.6008252807219,257.11973402061403,188.02818256437445,104.09474965657625,839.5868484534196
2025-10-22,490.742274858642,671.3009228529131,253.06139384602523,188.70940088235,103.25235183558382,834.4901418265899
2025-10-23,486.95686934259584,664.1631902770672,249.95788610906735,188.33012203651433,102.15826195310315,835.0250094003966
2025-10-24,481.4742036278485,669.6328018640278,247.7112212771869,190.82683633151402,102.14867590614713,831.7647235744325
2025-10-27,487.4652297041874,661.5861716693261,250.15884929576598,192.67293876698744,103.23316119152935,836.2266676748493
2025-10-28,494.2159333081257,658.0982130420556,253.62827097886978,192.6574195518049,104.74446388706893,842.9745532506149
2025-10-29,484.8059495267454,655.6112511076841,250.10682456506467,191.3486784419548,105.6987957680799,836.8540743839255
2025-10-30,483.40569473448465,673.0665010936295,248.6949630715267,192.39514617759363,106.23400903962131,839.3223712620121
2025-10-31,509.51081087008043,681.4483432220313,262.2617171168915,198.567458877741,106.77192403102119,856.6885965910435
2025-11-03,527.5577606416708,686.2323503182262,271.05764238991935,201.09001937263403,108.07587929168447,872.713474738796
2025-11-04,531.8890936139222,692.5212410790753,271.58424836078393,200.59980919270282,112.70037925148274,876.6233423741156
2025-11-05,533.4801223037651,701.6815272908707,272.7498800978024,200.25006620453092,113.79890374922452,877.5943021739733
2025-11-06,536.7310977638923,698.5501652875445,274.1847598269194,201.36042684621634,117.4232049181763,875.1669899684991
2025-11-07,543.7271908963635,692.5115720529597,278.2074341427384,203.8515517000126,120.2965038498989,884.1216362625419
2025-11-10,530.437810677733,687.3681067533266,270.01373591172387,201.65460300469957,119.40407062409531,875.2965070123438
2025-11-11,530.5524181954827,689.8402983167624,267.63809615738637,199.8894016912973,119.55646472302699,875.3229087410704
2025-11-12,514.9399798611511,688.7777377999304,257.0352592374814,198.4947949854123,117.46022119857048,862.7462605668087
2025-11-13,521.7014833205791,697.0324355287867,257.80276023666164,197.95451176606946,115.4024589964969,865.4181566022232
2025-11-14,529.6001546423511,708.724764701776,261.04109617664506,201.4086337398481,116.22580509756895,867.0484327469591
2025-11-17,522.4487855630042,703.0463498942452,258.8461177801745,201.3794885587391,117.44344522047547,864.957788732049
2025-11-18,539.4333878470621,734.8095856286914,270.3858020170065,207.1220039302879,118.49891215290859,879.8828220070162
2025-11-19,526.2020403577986,721.4442241299789,262.24170640534385,203.53807967587605,117.62434317854988,866.1209812561028
2025-11-20,510.3734622535865,704.7586826992369,254.16763635712195,199.8853444531478,117.11581347754327,853.6098804289245
2025-11-21,515.9319238032105,720.0996418778914,253.53107720994987,200.54917905074367,116.06391891734688,860.7936822174224
2025-11-24,529.59335709284,718.6809840023324,260.69801302420024,202.40968858021006,116.68507342730534,870.9075000961001
2025-11-25,546.6943657533625,720.0404408576031,270.4689331175766,206.87608707185177,117.24680610572328,889.49038741778
2025-11-26,543.5767567040474,717.2592036265179,267.9583691403922,208.1606328121381,115.4978486395405,883.3258359963336
2025-11-27,554.743013269344,726.9234506534639,274.6845248897499,208.93311586938924,114.93234050310097,890.8430628835464
2025-11-28,553.6076376307501,725.2177467614907,276.04054101574906,207.90673912599547,113.60194864759029,892.6086237467155
2025-12-01,552.2113295298642,731.3825654517385,273.96947703759406,206.3957640184985,115.46824483164778,892.3119496690967
2025-12-02,567.7846782260397,732.7146414643778,280.5866320096197,208.47997490837307,115.21067998956724,900.4413618711094
2025-12-03,583.3643919908656,739.2853566986632,284.69800744954125,209.94692170576442,116.19802784571223,910.7703643391565
2025-12-04,564.8302076813011,723.0646156087121,274.1387152473372,207.26608234167483,113.59853110021857,891.7858992409309
2025-12-05,583.419629688381,729.6899983559384,283.7606274217075,211.02887346397088,117.10738743128441,904.2715216409844
2025-12-08,603.0363340365685,741.7531695549225,292.2307837186527,215.03078911476976,120.80539095057829,917.374033282803
2025-12-09,596.9956078870986,742.9269563521108,287.98464008243116,214.11232066663294,121.35718281783716,910.6327594967805
2025-12-10,601.6967835796246,763.0745916135115,290.6985219805389,215.5549123279711,122.34844148648922,917.9708504058341
2025-12-11,612.8520605640144,772.4911487894792,294.50025927956904,217.97695299274613,122.63812907545432,923.4219245181574
2025-12-12,617.1667969279052,755.7040285096098,296.50875034784366,218.5156219101301,121.14941363170668,926.0056403572947
2025-12-15,611.0658500234431,750.7529245883813,293.72867443765887,219.7408650453598,123.47200871624128,918.0740124973826
2025-12-16,603.7980784935379,745.4135067744222,290.29265345075135,222.08189321361795,121.45705778078182,913.8306304507475
2025-12-17,604.6536749703574,752.6386057549348,288.90612213948583,223.20419389973145,122.46556349769955,911.5504744322076
2025-12-18,622.8609316571853,765.0928371320352,298.22312060710505,226.7568667698684,125.65995026023771,921.119792523633
2025-12-19,629.0928813014204,780.3242822854103,300.65938717736867,229.309479484095,125.50690711921148,926.1590402258844
2025-12-22,622.7647698805604,780.2921437084129,298.84680321496575,226.56245272256487,126.69358598568016,923.0293257663604
2025-12-23,630.9864367688485,800.4969100778102,305.24310472572324,228.99900927447464,128.9741094060685,929.7526547355933
2025-12-24,593.5328660080719,770.4318408458638,283.08217406236844,220.29739047661576,127.98984562206478,902.6679128142805
2025-12-25,610.935439411346,782.6327011760866,291.08949103810704,224.1947836336286,128.78169802447474,913.9425598917085
2025-12-26,589.0380375544793,773.2359383430518,278.84388339850165,218.5346102021804,124.44858102030044,898.966833737199
2025-12-29,588.3773262914114,765.7366120536509,275.64352165754536,217.11597864510549,123.20770114845676,896.7007227435723
2025-12-30,574.1020276954412,749.7741847576657,270.02703704120916,211.44398765978798,122.11951162763387,889.556294708853
2025-12-31,559.486650937364,733.799306447696,261.2073911517993,206.52968169366272,120.59069314838497,876.3395950281316
2026-01-01,571.8108567503064,738.7834799908359,267.653644120649,209.9790218171283,121.4685366296876,889.6604924164266
2026-01-02,565.2215903078621,738.874122860157,264.8543799634034,207.57169285970838,118.01234557717594,881.8186437193091
2026-01-05,571.3346436609252,728.5559474964707,267.883583706801,210.08184896363397,119.16261377929632,891.3005176952921
2026-01-06,572.8379523839471,717.0221231404081,267.4945385821573,208.58319584649968,122.12969881271175,892.7424419672543
2026-01-07,578.4521108204306,735.2564515972657,271.9447173757863,210.50530919452095,123.47806291167105,897.1760994455449
2026-01-08,579.4617595503087,730.8439447644269,273.12302374740955,209.5995986596768,124.55023203487744,897.7250142762441
2026-01-09,560.006067701379,721.4327270978788,262.5784294144815,207.0662365034126,123.808367771462,884.8905016161671
2026-01-12,571.9091196937123,719.4624062861992,268.324362215261,207.27664235948765,125.74679339134005,898.72319480432
2026-01-13,567.8456483664053,716.1976782820259,264.6401467898562,205.4507210846655,126.60276538162586,895.9508328871482
2026-01-14,549.9780234830315,698.0975104143341,255.63244139310953,200.52557737599116,125.21009854254154,880.0841205062361
2026-01-15,546.0268884667281,683.8545121373188,250.32349390051715,200.8359841913798,124.1792877292285,873.7871693929762
2026-01-16,564.8195753957945,706.1439027592921,262.26977629362744,205.17247497339875,124.88936109437034,891.1173861792262
2026-01-19,575.7837764826619,722.3436420413452,268.28192158865374,205.472398040872,125.62165363286451,901.5496012838124
2026-01-20,570.0405031118377,718.8469690854587,266.30898563101437,204.3800577104298,125.68274003944356,899.8221836458337
2026-01-21,567.3802667437656,723.4599933296954,265.50286998385553,202.46113124412352,124.7450333916153,896.4942356073271
2026-01-22,564.459985289923,735.0709641989512,266.17655815467623,203.12837268916746,124.84113038287508,893.0169173096522
2026-01-23,592.4345783576254,759.7874234952085,280.7169575681547,210.1551838020598,128.2982511236462,917.5594033661953
2026-01-26,596.4327179355491,767.3486222301849,284.48251615368963,208.98367658417448,130.1922786349136,925.4638927192606
2026-01-27,597.2539120829181,773.2226214840819,287.631551426854,211.3593782193435,132.93405322737541,931.5406736490179
2026-01-28,613.9205070472971,788.3896022701571,294.6455509039747,212.7459252039612,134.51941635606119,944.6042280007993
2026-01-29,616.217097388697,788.0754669682533,295.7999165928457,213.01610634250773,132.66164092550855,947.9341599132084
2026-01-30,610.7976059887529,783.7555308276889,293.03941648463206,212.4683372308281,131.74722908865795,942.6345019118912
2026-02-02,610.0017803534269,785.8403211935728,290.9075483885277,214.8202650184357,131.5703818509289,938.8399674699256
2026-02-03,608.2868955404251,781.7263629222783,288.8357837180838,213.1488229441419,128.47416294150904,940.8487544738631
2026-02-04,610.526242661507,778.8109689244709,288.5628489726941,214.3945746729278,130.71808174313531,943.4915218143888
2026-02-05,622.1808981980697,785.9952782660355,291.5779476945487,214.49070719841907,131.96828272932916,953.7068417552996
2026-02-06,624.7808199537649,796.0876258080772,292.24835200872485,212.77066116822553,132.69696137569363,955.3299412065965
2026-02-09,631.8176648627707,794.2753593861823,297.40140025738975,214.72497685972917,136.06122469760786,965.8078587359332
2026-02-10,633.9114741789396,800.000614025161,297.09365359446633,214.609378455859,134.88741988703052,965.1535753473061
2026-02-11,635.8777081679575,807.5803618783733,297.06880009145516,210.53024248115028,136.00086309500952,967.6818669640551
2026-02-12,607.5926371157173,795.0778293159251,287.10184001276394,207.38339276548564,133.035260574597,946.4225139518095
2026-02-13,620.6305182222322,797.66153296035,295.1763411336688,206.49765130138695,134.01734720861506,954.1181335503608
2026-02-16,621.2564964422144,787.6600070735121,296.1270582779745,207.18324436952105,133.21387144399904,959.9815098256872
2026-02-17,636.4049721048827,802.0657426537882,303.59608425442445,211.7145842248558,137.489791426181,973.7662731345066
2026-02-18,594.5415821426711,776.4288988257616,282.7895113045005,207.90805781779963,132.79345652548233,948.6709489723983
2026-02-19,619.6434349947198,804.6941086215737,295.9525347905434,212.61405655384593,136.93730723940848,971.7507846896386
2026-02-20,614.2249851235406,797.9855470070322,293.3844463848921,210.14006120772675,133.55390456952375,968.2982292232241
2026-02-23,632.4968659117613,815.3174980243041,301.82534008636475,214.95910452178154,137.15415419094987,979.8522909841538
2026-02-24,616.7261924786048,814.2189814638039,293.70209938898216,213.70970736529245,137.51435453883573,968.6862872885163
2026-02-25,629.1692086952377,819.7992596554797,299.29972867310084,214.56618083804418,138.58488290752126,975.9374188137936
2026-02-26,613.5236338745983,813.2716994805918,293.2194968120702,211.02398813518784,136.70029630784558,965.9919763660716
2026-02-27,601.2170682938539,810.6865205949135,290.67119953226694,208.44651326720276,136.52378640846686,960.4683737525977
2026-03-02,624.7615429908125,823.0133290365569,303.15354663501597,212.7532614525314,143.38142945658146,983.0761425699797
2026-03-03,625.3622552997948,825.9322460027621,302.47062669446984,212.81226352493326,139.96211625187968,981.7814286707742
2026-03-04,628.2037075522276,842.2361402993486,304.92659589771574,212.549184048126,141.69364377962125,979.5606727373837
2026-03-05,639.2787915815488,851.6532426026204,310.74066102140034,214.12842918039843,141.36447627672726,989.8808545570807
2026-03-06,646.9687348143725,844.4728729977523,313.4720649233741,216.44203059525555,142.0804420263409,995.8613684295245
2026-03-09,650.6275733504932,840.4717194750775,316.8209529150599,214.5831385804619,141.87815097228733,999.1029271821957
2026-03-10,659.0294962233628,829.3857056917072,319.96481432682316,214.98654998691262,141.66932731480577,1002.6737057520612
2026-03-11,699.359290116982,865.3535061028874,339.730549594221,218.59947937245676,145.2602285573885,1030.5580046270563
2026-03-12,697.6984584656578,871.8768873841541,338.1773353562279,218.67794321057656,143.12660857430063,1031.550319000102
2026-03-13,697.3884763442699,869.917666369571,338.1349072271718,216.21776980590334,145.32610326296233,1033.8319287851334
2026-03-16,712.9134771520721,868.7371941056554,345.9217239256901,220.3893635979481,143.64934562358,1047.8717007414261
2026-03-17,731.6140416521761,873.3094036618577,355.0162734589273,221.24922187710757,146.32827931219543,1061.2970009644903
2026-03-18,748.5425960338409,880.5111641438004,363.60733341300846,221.59546271485752,147.55846532125938,1076.0734869222247
2026-03-19,756.6156052324864,888.6708795179776,369.2368053310529,222.7528418515004,146.38082423728682,1076.9594609379742
2026-03-20,738.8935742312761,877.5953252258491,356.89971143139155,222.5385587124001,145.0408590001353,1061.060358584431
2026-03-23,766.2814399898782,907.687863667137,369.3394349659587,228.10944162117607,144.6730647022046,1078.0002942415354
2026-03-24,747.3602598431971,889.3606137353756,360.5475577375207,221.9996366538546,143.04921011393026,1065.307381534846
2026-03-25,750.3920551567077,879.3949232031691,364.1661459071201,220.7112857985339,140.96212586263766,1072.3177236081133
2026-03-26,737.4959831605914,861.6327409739237,357.21030828653886,218.18344096434816,140.69794445229826,1063.4939604271308
2026-03-27,734.0021783032538,861.1384567823022,355.22833512649976,221.61593757079953,138.99017911068296,1065.1421034547693
2026-03-30,742.2180672131695,858.5361601873568,356.5497066026092,221.0399862124882,138.693544757973,1070.9554369410337
2026-03-31,750.8319495814627,859.67502239652,358.80359614951874,220.4589976739286,139.6965605268111,1075.4794191444441
2026-04-01,752.641397405596,860.4378246236636,363.49386464867075,224.07079393634913,138.96750464935806,1082.2826505608002
2026-04-02,777.4913380549467,886.5587357334608,379.25608115046794,228.77481861807414,141.23847415837037,1102.7636856726676
2026-04-03,780.9885676049081,886.4834218443971,382.6523245123204,231.81710641119366,139.2363883417306,1108.3369856636193
2026-04-06,775.0258927615863,880.8791659663527,378.6908746532744,230.00143869645723,140.01536782140656,1106.7058146088766
2026-04-07,791.7878539239549,898.0621969727047,387.9874902949183,232.53335241477004,144.64009535547984,1122.6102086036535
2026-04-08,808.6015820912683,906.1699040905484,397.8038114400536,238.13802971758554,151.72669281063213,1139.0822571565525
2026-04-09,784.2553464905496,897.131081372949,385.6439237083081,234.51739158753176,149.9943639106271,1124.6630833731965
2026-04-10,791.8402253525586,907.0413462427955,393.444455965764,238.1613359945328,152.4637440670376,1130.2726774951366
2026-04-13,805.1799504046628,916.4360495311623,401.545628022552,240.88048725532178,150.1830121802963,1143.1076391280096
2026-04-14,800.353224914846,903.07760297287,399.0912268080649,238.30612835478064,152.61248714730627,1136.137743542209
2026-04-15,823.0952000436928,930.0970834459066,410.22166387435607,242.25558753486294,156.3632591368386,1149.526519914109
2026-04-16,821.1930559522544,950.0379003845215,409.23533343424833,243.60296230895352,155.18909493347547,1148.979103433347
2026-04-17,821.9757445287809,951.9696354555397,412.40953560955677,245.20768138924086,157.86477240402337,1148.691699714125
2026-04-20,818.2086748200243,940.3401331666136,410.17467898091377,244.69857418013052,157.09693341824797,1149.7104694603177
2026-04-21,824.1760222627098,941.2008068009602,412.7821632071993,241.4975002626623,156.23751067441418,1145.9498196330712
2026-04-22,808.8804690201277,938.6793560605761,404.4964285450336,235.38240394261527,155.41811975163245,1134.9894118634588
2026-04-23,779.6716779923481,917.207369204851,393.7755059534759,228.83992760084317,151.082492941684,1119.5126521561074
2026-04-24,810.6761416655473,934.1400784408827,409.5840215295538,232.40822347021984,155.6308048978651,1140.1271899494857
2026-04-27,798.3798552247149,928.2849812408546,402.54090294077935,229.52487393863862,152.24039014737227,1124.5545797337809
2026-04-28,777.7184416090043,928.9784633093494,395.64607836379855,224.50836653411258,148.71125005898932,1108.3638455358857
2026-04-29,744.0461400465504,912.7950267041464,376.75740916714716,220.52880902387588,143.7722636888609,1083.2398123679766
2026-04-30,738.2648111147302,913.7601022302878,370.4018610116961,216.94135915128248,144.21799867141516,1075.4198954924252
2026-05-01,713.9546514675238,895.8342926409845,358.3729819377912,211.52742802686222,141.1604732768972,1061.9042740429798
2026-05-04,738.0258534311916,917.8355685489503,373.07529839995505,215.8747524040527,141.18764568756077,1081.5723531202843
2026-05-05,758.0383985051309,922.6491234961118,380.13716230136134,220.0661521618744,141.61148164799658,1093.7150309462145
2026-05-06,747.5839108549068,923.3475978140555,373.85401659191416,221.5895288227531,140.56387769943964,1079.8772201629702
2026-05-07,787.885509426139,960.2839698173906,396.30060059767106,228.59625409771692,141.78629801690673,1109.553461933647
2026-05-08,806.5893976431817,977.5928869935195,402.0005787940838,233.97527424483476,141.19225654135707,1120.4142261819773
2026-05-11,802.2851620852408,970.5688360334311,401.61444780014654,231.11301094908978,144.54355779639658,1115.7809693849113
2026-05-12,755.2577482828167,940.2907404718513,380.3989683332767,227.9458414659523,139.3270477502919,1083.1219188992018
2026-05-13,798.2133340979593,984.9000386517487,400.96125578335665,231.15914925385593,142.12855175940493,1107.4482037760374
2026-05-14,777.7903049911014,965.5487813163352,388.95576987527585,226.62211344456964,139.45841496485673,1094.5621197469047
2026-05-15,749.450509115217,957.2102075366945,374.17240562189585,223.20531927807974,136.38114075287683,1077.1256262682123
2026-05-18,766.7750281031556,972.8176203577832,385.4541524030175,223.388490029622,138.9478688232573,1091.74918933959
2026-05-19,804.8410642019759,998.8107030923579,410.21888440558183,228.46837943169766,144.2617511953829,1121.4489747302327
2026-05-20,831.9135577777249,1002.2125666788809,421.5170005997516,230.49729204624236,145.8115174251621,1134.6906727811843
2026-05-21,844.5684618692129,1011.6414217727526,428.36371743734105,231.58489696716032,144.4154425264991,1147.6083838587713
2026-05-22,855.8596531888929,1020.2866054830744,434.1829924861392,235.6816915296307,147.69420301283802,1156.6819740060394
2026-05-25,876.3887996034861,1050.3779324548225,443.3291885800839,238.16696562769076,148.85403616255812,1168.415047835007
2026-05-26,890.393267875843,1051.227208610259,450.1096530906896,239.58043733522302,153.3755439073602,1177.7173845340033
2026-05-27,898.254977487075,1080.16081878114,456.5986475939525,235.50302615681957,149.54031348425843,1176.3613741908266
2026-05-28,897.0095922360578,1086.1584485546912,459.863117338209,236.64899074377192,150.0945134027967,1181.1603637523428
2026-05-29,895.9678695134696,1089.9902830558099,457.8658911645133,237.88398087930628,153.7022150832339,1177.9401842683394
2026-06-01,880.7707223255145,1074.1211742022103,447.3379861099316,232.96315242085086,151.8426832245708,1170.0034853037578
2026-06-02,876.3581139724824,1074.3977607439792,443.7611492376958,232.1387372253712,150.99029222077735,1168.8097330456812
2026-06-03,843.0695938056327,1058.2821701718115,427.19153795032815,227.906241941283,148.9293336803005,1148.3910383318669
2026-06-04,841.0643619509649,1067.6172213891668,426.73933579510737,229.28652991853198,147.75066399536723,1148.755881960024
2026-06-05,825.7542685716195,1045.007384789253,419.1725209280065,225.49751975534633,145.68291731071244,1140.1115145548379
2026-06-08,804.6379251915655,1046.5444748630925,409.81555881249653,221.22939229755409,143.4255545750525,1124.660384874688
2026-06-09,803.0128932814964,1053.1273316243585,413.36395773733193,221.0318271976567,142.57940343492237,1127.7081867848578
2026-06-10,834.2209595991403,1078.0125310358349,427.9381107895854,226.85198268018473,146.9469881286479,1145.0186318216047
2026-06-11,856.3307887352915,1088.0045479068938,434.91182179707346,231.1223359321669,149.24741480697045,1152.3197826252351
2026-06-12,823.0450960436817,1058.0774294343194,418.7735192849544,226.88744201408144,147.31439770424868,1133.6013326095156
2026-06-15,807.6100134756166,1046.7870021425124,411.0024213480135,225.95435875937716,147.324045687028,1124.8175756534608
2026-06-16,823.2862755590633,1061.1717378878755,420.2918970407785,224.68292957446053,148.29878995014764,1140.5073671994305
2026-06-17,806.6176659877904,1034.4824811575218,411.5925528318955,223.4107685824107,145.38065526220774,1133.306830312613
2026-06-18,803.7942699338414,1040.4985968488018,408.96017217292945,221.088161883049,143.96076819778764,1126.3743775929013
2026-06-19,813.1797730418607,1058.5294024781772,412.6370127425162,225.43991187399646,144.81153239829382,1137.8081981513956
2026-06-22,793.6809869293028,1038.9885643897587,403.1630126140801,221.22651746827356,141.4721655565768,1126.5468053173724
2026-06-23,793.6307828316494,1029.9868209062884,404.8043366809354,220.20510910827738,140.75461520307667,1132.3280290062526
2026-06-24,767.9359036991526,1010.9151490428337,391.2140735293071,217.68915056255472,137.9302760511424,1115.1382778203451
2026-06-25,755.5107914859408,1004.3090259590091,385.3898848802896,217.22831199737988,140.82185044658632,1106.8048571446448
2026-06-26,760.9364328505344,1005.9069661778199,386.8848235550858,217.41010341504142,136.44133183025332,1108.0714692258766
2026-06-29,732.6575664046851,986.6375706584925,374.40466770440173,213.97353315699195,133.91214118814463,1091.003955685161
2026-06-30,742.0888015251264,994.5427833613778,377.96310673387035,215.91726375270906,137.51506971419118,1097.9834530492658
2026-07-01,746.3683998757824,980.9901959718508,380.21155955647134,216.5351426375134,137.71872645486349,1095.3639329547977
2026-07-02,754.0955244225494,975.4416994492572,387.8226178651924,217.37982250365252,139.85904807681268,1097.0947232567278
2026-07-03,758.8130576823899,951.7735665931685,389.8544970498358,218.80807660823749,140.3826618145221,1101.2256447730554
2026-07-06,783.9417368097054,977.2546693222432,401.0637066590662,224.69266230807824,141.21427237855949,1119.6868850927167
2026-07-07,787.8417800696449,979.3013320577955,398.82924182050584,223.10858548078346,137.46615389371598,1119.1345788944384
2026-07-08,780.8502990413706,985.1215469009591,392.4415321589087,220.69650196051424,137.22873187508708,1111.2390648879368
2026-07-09,785.5221239145807,975.6419199750429,391.4039871461964,221.11748792605675,136.08214751091984,1114.7747899562
2026-07-10,796.8241783883519,982.7040496653409,398.898679053532,220.9174061543308,135.4954863461681,1126.5849088219147
2026-07-13,794.0592753847789,985.8576303606806,399.6597403771609,218.2520480541424,134.7311311390993,1126.326743173533
2026-07-14,797.7601572287438,981.1427117574842,400.8071839277138,220.1389776430211,137.81473669128306,1124.9899927168276
2026-07-15,788.4286566179173,958.0591438212684,390.6093157707385,214.89866118236657,141.05559654032137,1117.4285149104298
2026-07-16,774.8223765959096,967.8981648747006,382.67380767102145,212.6570384474152,140.49099280127578,1111.2399715505499
2026-07-17,751.4180907358225,965.7693926934435,371.6405270271487,210.3539177583868,137.66304524337022,1093.6157926968922
2026-07-20,783.5411331269312,982.9015706988883,387.9543191977416,215.22702320126706,138.14177255234182,1120.4707212337696
2026-07-21,761.8131475922929,973.7685899154499,376.54049032372757,211.54456215696587,137.19453024987052,1107.7939809551885
2026-07-22,753.6057429429057,961.3544548830089,371.3846617628518,208.21943634199243,139.33404285167254,1098.773133144269
2026-07-23,748.8678348930221,943.8930005736952,367.73844994694616,207.02087027811325,137.88385345667655,1086.5483411222226
2026-07-24,761.7763958512363,972.4213303956217,375.37244232560585,207.7981223966016,135.06962361365544,1101.004627056205
2026-07-27,752.9343656675753,953.212844123784,372.9614768068265,207.52433638216937,135.82075165291062,1100.7518186595407
2026-07-28,775.261529919217,965.2323217704758,384.5742281748027,210.88264275025492,139.34163070373597,1115.6715048170313
2026-07-29,766.1772344402257,958.6825246876676,382.4246386744289,209.4893998882498,135.64063466110053,1108.6512314726378
2026-07-30,770.4833745886629,978.6168028175922,381.6616266904697,209.27110432101313,136.35865219105185,1112.0849694609929
2026-07-31,760.9162848051709,978.1336756559393,375.3539562584514,210.32267328826256,135.97100796090467,1103.5336600825215
2026-08-03,794.0869155610978,987.1907891638347,394.8531515429262,216.34804610845953,138.9330519450825,1127.80998763962
2026-08-04,775.7872861832373,973.5870836361407,384.90760688935706,212.95443190529835,135.8802368403271,1110.5531647900752
2026-08-05,779.5278097904963,977.8519571759276,386.77018196520663,214.20008854830016,138.10148719167833,1116.7896638535435
2026-08-06,796.209215320622,983.4708551399917,392.64721907476957,214.67056480631342,138.32827045715092,1127.4140979114025
2026-08-07,810.1575499099209,995.0558467180232,397.81571899591916,215.18252389563963,136.36042087040047,1131.7248739235556
2026-08-10,804.6534735087763,979.1365383204325,401.419580111708,218.4957541499276,132.63509728142495,1127.8931568166881
2026-08-11,800.8570581592893,973.9749938798793,401.65803328988045,217.01526663579506,134.6039481345907,1129.5824336735839
2026-08-12,804.6167786616423,979.6680834985852,400.7405642947764,217.06308366090283,135.7389957893864,1128.7000591579672
2026-08-13,801.0280915225666,985.1456509086087,398.73433050594684,216.03182504337585,135.70177112359445,1127.3973350224421
2026-08-14,818.4713827234341,998.5760980584774,407.27776099565307,216.9400627766509,136.32889406379377,1139.6905655660526
2026-08-17,860.0058249305472,1022.9112573692032,426.0630545398042,223.42894075579903,138.59234120741291,1164.4442951374424
2026-08-18,843.2897274080772,1015.2766723085908,419.98946536892646,222.07478897595618,135.9483137474921,1158.1888235155711
2026-08-19,818.2460466125178,1006.6748046163054,407.93172139899633,219.9956753575785,133.31344318565692,1141.4129804310753
2026-08-20,814.6864201555968,1006.3877811442491,404.99695479040383,221.10920079570994,129.68653143328956,1141.6201194753894
2026-08-21,861.3112774892281,1027.5950052299927,432.57047884036376,229.51150429450266,132.00130355528376,1175.4854789273681
2026-08-24,851.182433791512,1005.4588018097378,425.38961810649096,225.8989851706598,130.40662514608627,1171.110399826784
2026-08-25,878.6481105605264,1010.4883213360664,440.9943050249904,231.45257281222055,133.69701103941654,1196.0736764268574
2026-08-26,915.2179425449398,1046.908908578233,458.7374608415059,237.29259703903585,136.00341337612477,1219.0016586354004
2026-08-27,903.333099587697,1048.9917906123862,455.9403288044506,234.077083246781,136.6075378949211,1212.336372131697
2026-08-28,914.1015509249764,1055.505113220096,463.6884908923071,235.18150391151005,139.80353321081625,1225.2719338944487
2026-08-31,951.0195866411834,1071.8813884269048,482.08720866277116,237.3239670028436,144.1296993236164,1250.399621949503
2026-09-01,944.6162387635316,1061.253918029921,477.4157257159999,237.4639650483438,144.4393702299549,1242.1533230636355
2026-09-02,942.7770633629005,1070.9581370315739,475.39282734993157,238.09068947909824,144.17591562180982,1242.4430652392352
2026-09-03,934.5396563704315,1084.7616910436063,467.9878790111977,238.96498257507932,141.55960962370668,1238.366991027763
2026-09-04,912.8188821663714,1065.4884105049262,452.93174914481267,235.78327805085064,141.40909079197286,1229.4450206702643
2026-09-07,897.872070992883,1069.9760846744682,449.9928594502486,234.79981068029628,143.49227707352162,1219.9664771388482
2026-09-08,870.3481914830769,1055.1006401422899,437.5192012261223,233.13240273305846,142.31021269096345,1202.6939619612322
2026-09-09,868.4545689069042,1053.7097134971254,438.7234629914293,232.02519879340687,145.87506383535722,1201.0118077866196
2026-09-10,863.9990566334831,1060.5515926380358,430.7908932797106,228.48440959436417,141.96613895243806,1192.067699864425
2026-09-11,873.0493759727175,1063.8860929996258,431.95373139239257,227.9886341818227,140.27042052046292,1197.543811352249
2026-09-14,839.1912964682166,1047.7720590481354,416.08646196043986,223.32219650978087,139.53735396477092,1176.1594125314202
2026-09-15,841.2509144046995,1055.0637417231555,416.64689097000144,222.8570692574282,140.50770205424803,1180.5024662603182
2026-09-16,858.8702353113279,1048.6690296475595,429.18428054803195,224.02809973011335,144.12705160273123,1186.3436564528624
2026-09-17,823.7196679459439,1027.2794993390085,407.3393544880175,220.2490080608412,141.15918417966725,1164.8290441363388
2026-09-18,832.6562197750195,1026.4644570232315,409.2860786592401,221.131323870152,140.1832817232484,1165.9429626924311
2026-09-21,855.0788696167182,1027.2233359234904,420.7024119480125,224.92459465260933,141.6237317837892,1183.289426913185
2026-09-22,832.2742723777155,1007.5147724338148,411.14273889883816,220.90581252397524,137.18698989982866,1168.5962429864162
2026-09-23,865.1576649924052,1022.9449232517821,427.914889351699,224.3868154123926,137.6383692322844,1190.948737151567
2026-09-24,873.8201612043493,1039.3857888577434,430.04745178993414,226.0260542341851,139.97047284579443,1197.0802322517263
2026-09-25,853.0250354198942,1019.9617476724925,425.2745098315726,224.40862417565407,140.50904372015526,1185.4875683231649
